DRS,GVE,RS,MUNICÍPIO DE RESIDÊNCIA,SE 01,SE 02,SE 03,SE 04,SE 05,SE 06,SE 07,SE 08,SE 09,SE 10,SE 11,SE 12,SE 13,SE 14,SE 15,SE 16,SE 17,SE 18,Total
MARÍLIA,MARILIA,ADAMANTINA ,Adamantina,1,1,0,4,5,2,13,12,8,13,6,2,4,2,2,1,0,3,79
SÃO JOSÉ DO RIO PRETO,SAO JOSE DO RIO PRETO,JOSÉ BONIFÁCIO,Adolfo,0,0,0,0,0,1,2,0,0,0,2,0,1,1,1,1,2,2,13
SÃO JOÃO DA BOA VISTA,SAO JOAO DA BOA VISTA,MANTIQUEIRA,Aguaí,0,0,1,4,1,1,2,9,5,12,21,24,11,13,15,16,22,12,169
SÃO JOÃO DA BOA VISTA,SAO JOAO DA BOA VISTA,MANTIQUEIRA,Águas da Prata,0,0,0,0,2,1,3,7,1,6,7,19,29,14,20,7,20,18,154
CAMPINAS,CAMPINAS,CIRCUITO DAS AGUAS,Águas de Lindóia,0,0,0,1,8,4,15,27,35,38,65,74,84,126,141,105,109,93,925
BAURU,BOTUCATU,VALE DO JURUMIRIM,Águas de Santa Bárbara,0,0,0,0,2,4,1,0,4,8,10,14,9,24,30,25,59,68,258
PIRACICABA,PIRACICABA,PIRACICABA,Águas de São Pedro,0,0,0,0,1,1,2,3,4,4,8,6,6,4,9,13,4,8,73
BAURU,BAURU,BAURU,Agudos,3,4,1,2,4,7,8,3,18,30,26,19,11,15,15,18,4,1,189
SOROCABA,SOROCABA,ITAPETININGA,Alambari,0,0,0,0,1,0,3,2,2,7,4,7,6,10,14,5,15,7,83
PRESIDENTE PRUDENTE,PRESIDENTE PRUDENTE,ALTA SOROCABANA,Alfredo Marcondes,0,0,0,0,0,0,0,0,0,1,0,1,0,0,1,0,0,0,3
BARRETOS,BARRETOS,NORTE-BARRETOS,Altair,0,0,0,0,4,2,5,1,1,1,1,1,1,0,4,4,6,0,31
RIBEIRÃO PRETO,RIBEIRAO PRETO,VALE DAS CACHOEIRAS,Altinópolis,1,0,0,1,3,0,3,10,8,9,13,18,29,15,28,57,39,59,293
ARAÇATUBA,ARACATUBA,CONSÓRCIOS DO DRS II,Alto Alegre,0,0,0,0,0,0,1,0,0,0,0,1,0,1,1,1,0,0,5
SOROCABA,SOROCABA,SOROCABA,Alumínio,1,0,2,3,2,1,13,12,30,19,23,31,20,36,20,10,2,0,225
SÃO JOSÉ DO RIO PRETO,SAO JOSE DO RIO PRETO,VOTUPORANGA,Álvares Florence,2,0,0,0,1,3,1,0,3,0,5,1,4,5,7,5,16,3,56
PRESIDENTE PRUDENTE,PRESIDENTE PRUDENTE,ALTA SOROCABANA,Álvares Machado,0,0,0,0,1,2,0,2,5,1,0,0,0,1,1,2,0,0,15
MARÍLIA,MARILIA,MARÍLIA,Álvaro de Carvalho,0,0,0,1,2,2,0,1,3,0,2,3,1,0,1,0,1,0,17
MARÍLIA,MARILIA,MARÍLIA,Alvinlândia,1,0,0,0,1,1,1,0,0,3,2,6,19,19,20,27,20,22,142
CAMPINAS,CAMPINAS,REG METRO CAMPINAS,Americana,5,4,8,11,19,37,47,68,90,80,108,135,177,156,153,248,214,27,1587
ARARAQUARA,ARARAQUARA,CENTRAL DO DRS III,Américo Brasiliense,0,2,4,0,3,6,14,19,24,21,15,28,12,13,16,24,20,0,221
SÃO JOSÉ DO RIO PRETO,SAO JOSE DO RIO PRETO,VOTUPORANGA,Américo de Campos,0,2,2,0,0,2,5,3,8,2,2,3,4,7,11,7,13,20,91
CAMPINAS,CAMPINAS,CIRCUITO DAS AGUAS,Amparo,4,1,3,6,6,12,10,13,13,27,43,34,27,49,84,99,119,135,685
PIRACICABA,PIRACICABA,RIO CLARO,Analândia,1,2,1,6,10,33,44,51,62,65,83,89,79,55,68,58,26,31,764
ARAÇATUBA,ARACATUBA,LAGOS DO DRS II,Andradina,0,1,0,2,1,1,1,2,0,6,5,4,1,2,3,2,1,3,35
SOROCABA,SOROCABA,ITAPETININGA,Angatuba,0,0,0,0,0,0,4,4,9,8,15,24,36,30,59,46,40,24,299
BAURU,BOTUCATU,POLO CUESTA,Anhembi,0,0,0,0,0,1,1,0,0,7,7,5,7,4,6,8,6,11,63
PRESIDENTE PRUDENTE,PRESIDENTE PRUDENTE,ALTA SOROCABANA,Anhumas,0,0,0,0,0,0,0,2,0,0,0,0,1,1,0,1,0,0,5
TAUBATÉ,TAUBATE,CIRCUITO DA FÉ - VALE HISTÓRICO,Aparecida,0,0,4,7,14,16,35,47,43,30,38,43,41,68,73,41,46,70,616
SÃO JOSÉ DO RIO PRETO,JALES,JALES,Aparecida d'Oeste,0,0,0,0,0,0,0,0,0,1,0,2,0,0,0,1,2,2,8
SOROCABA,ITAPEVA,ITAPEVA,Apiaí,0,0,0,1,0,0,1,1,5,8,2,12,18,18,16,16,17,6,121
SOROCABA,SOROCABA,SOROCABA,Araçariguama,1,3,9,5,1,4,10,8,27,14,28,32,30,36,31,12,77,23,351
ARAÇATUBA,ARACATUBA,CENTRAL DO DRS II,Araçatuba,5,5,3,10,6,14,25,29,21,22,20,22,21,26,56,38,42,58,423
SOROCABA,SOROCABA,SOROCABA,Araçoiaba da Serra,0,2,3,4,2,6,7,5,14,6,7,12,20,35,26,38,38,38,263
FRANCA,FRANCA,ALTA MOGIANA,Aramina,0,0,0,0,0,0,1,0,0,0,0,1,1,0,0,1,0,1,5
BAURU,BOTUCATU,VALE DO JURUMIRIM,Arandu,0,0,0,0,0,0,0,0,0,2,5,8,28,48,42,74,69,55,331
TAUBATÉ,TAUBATE,CIRCUITO DA FÉ - VALE HISTÓRICO,Arapeí,0,0,0,0,0,1,1,1,6,16,8,13,20,6,12,6,0,1,91
ARARAQUARA,ARARAQUARA,CENTRAL DO DRS III,Araraquara,6,8,20,14,16,22,27,32,35,39,58,96,68,79,82,68,69,47,786
PIRACICABA,PIRACICABA,ARARAS,Araras,1,0,4,10,5,8,23,23,26,41,54,64,66,54,75,74,32,0,560
MARÍLIA,MARILIA,TUPÃ,Arco-Íris,0,0,0,2,0,0,1,1,1,0,0,0,0,0,2,2,1,0,10
BAURU,BAURU,BAURU,Arealva,2,1,7,10,5,9,14,20,25,23,24,17,14,35,25,26,14,16,287
TAUBATÉ,TAUBATE,CIRCUITO DA FÉ - VALE HISTÓRICO,Areias,0,1,0,0,3,0,0,3,1,0,3,1,4,19,14,27,18,4,98
BAURU,BOTUCATU,POLO CUESTA,Areiópolis,1,0,0,1,1,1,1,11,7,11,23,42,44,41,54,84,59,9,390
SÃO JOSÉ DO RIO PRETO,SAO JOSE DO RIO PRETO,CATANDUVA,Ariranha,8,10,22,26,33,32,57,55,85,88,91,69,61,52,50,38,40,19,836
CAMPINAS,CAMPINAS,REG METRO CAMPINAS,Artur Nogueira,2,4,12,15,19,17,23,44,40,42,52,77,91,109,126,144,108,88,1013
GRANDE SÃO PAULO,MOGI DAS CRUZES,ALTO DO TIETÊ,Arujá,3,1,3,8,13,27,32,47,59,51,79,93,55,59,59,67,34,9,699
SÃO JOSÉ DO RIO PRETO,JALES,JALES,Aspásia,0,0,0,0,1,0,0,0,0,0,1,0,0,1,0,0,0,0,3
MARÍLIA,ASSIS,ASSIS,Assis,34,69,101,69,69,95,92,42,10,3,38,69,321,411,226,156,24,322,2151
CAMPINAS,CAMPINAS,BRAGANÇA,Atibaia,12,27,28,38,106,176,221,282,332,416,436,460,636,752,765,525,411,134,5757
ARAÇATUBA,ARACATUBA,CENTRAL DO DRS II,Auriflama,1,0,0,0,0,0,0,0,0,0,0,0,0,0,2,3,2,3,11
BAURU,BAURU,BAURU,Avaí,0,0,0,0,0,0,0,1,0,0,1,0,0,0,0,0,0,1,3
ARAÇATUBA,ARACATUBA,CONSÓRCIOS DO DRS II,Avanhandava,0,0,1,2,0,0,0,0,1,5,6,5,4,1,0,4,7,3,39
BAURU,BOTUCATU,VALE DO JURUMIRIM,Avaré,5,4,8,25,16,14,46,27,56,83,97,174,190,208,355,304,233,149,1994
SÃO JOSÉ DO RIO PRETO,SAO JOSE DO RIO PRETO,SÃO JOSÉ DO RIO PRETO,Bady Bassitt,2,2,0,1,4,4,7,11,13,3,8,18,11,13,21,12,15,21,166
BAURU,BAURU,BAURU,Balbinos,0,0,0,0,0,0,0,0,1,1,8,2,1,3,4,2,2,1,25
SÃO JOSÉ DO RIO PRETO,SAO JOSE DO RIO PRETO,SÃO JOSÉ DO RIO PRETO,Bálsamo,0,1,1,1,2,2,0,4,3,7,5,9,3,9,3,8,4,4,66
TAUBATÉ,TAUBATE,CIRCUITO DA FÉ - VALE HISTÓRICO,Bananal,0,0,4,7,5,4,18,17,23,22,19,66,67,99,53,61,22,35,522
BAURU,BOTUCATU,VALE DO JURUMIRIM,Barão de Antonina,0,0,0,0,0,0,0,0,0,0,0,0,0,2,2,1,4,2,11
ARAÇATUBA,ARACATUBA,CONSÓRCIOS DO DRS II,Barbosa,0,0,0,0,0,0,0,1,0,1,0,0,0,0,0,0,0,0,2
BAURU,BAURU,JAU,Bariri,67,116,142,343,379,378,358,394,280,198,194,142,52,60,66,24,24,13,3230
BAURU,BAURU,JAU,Barra Bonita,1,1,1,4,7,4,5,8,9,12,7,22,21,32,37,33,43,1,248
SOROCABA,ITAPEVA,ITAPEVA,Barra do Chapéu,0,0,0,0,0,0,1,0,1,2,1,5,10,17,29,10,17,33,126
REGISTRO,REGISTRO,VALE DO RIBEIRA,Barra do Turvo,0,0,0,0,0,1,3,4,10,8,9,22,7,0,0,0,0,1,65
BARRETOS,BARRETOS,NORTE-BARRETOS,Barretos,2,4,10,22,26,50,76,77,94,112,145,173,123,170,211,217,201,153,1866
RIBEIRÃO PRETO,RIBEIRAO PRETO,HORIZONTE VERDE,Barrinha,0,2,9,3,13,17,17,41,32,28,38,71,54,55,27,33,25,18,483
GRANDE SÃO PAULO,OSASCO,ROTA DOS BANDEIRANTES,Barueri,0,1,1,10,10,16,58,78,85,95,157,194,130,81,27,22,14,10,989
MARÍLIA,MARILIA,TUPÃ,Bastos,1,0,0,1,0,0,2,1,1,7,5,0,1,2,2,1,0,1,25
RIBEIRÃO PRETO,RIBEIRAO PRETO,VALE DAS CACHOEIRAS,Batatais,14,17,25,47,92,121,147,164,239,209,235,196,33,20,4,1,3,0,1567
BAURU,BAURU,BAURU,Bauru,24,41,64,134,185,289,304,285,245,258,341,401,379,499,599,591,765,98,5502
BARRETOS,BARRETOS,SUL-BARRETOS,Bebedouro,40,121,299,249,344,327,537,503,651,524,548,419,237,292,197,239,209,71,5807
ARAÇATUBA,ARACATUBA,CENTRAL DO DRS II,Bento de Abreu,0,0,0,0,0,0,0,0,0,2,0,0,0,1,0,0,0,0,3
MARÍLIA,ASSIS,OURINHOS,Bernardino de Campos,0,5,4,4,14,25,30,43,63,81,81,35,0,3,0,1,14,26,429
BAIXADA SANTISTA,SANTOS,BAIXADA SANTISTA,Bertioga,90,104,92,158,202,172,61,76,121,148,148,84,101,121,107,58,102,75,2020
ARAÇATUBA,ARACATUBA,CENTRAL DO DRS II,Bilac,0,0,0,0,0,0,0,2,1,0,0,0,1,0,0,0,0,1,5
ARAÇATUBA,ARACATUBA,CONSÓRCIOS DO DRS II,Birigui,10,23,15,36,45,63,95,145,175,103,119,102,105,190,198,194,171,149,1938
GRANDE SÃO PAULO,MOGI DAS CRUZES,ALTO DO TIETÊ,Biritiba Mirim,0,3,2,0,5,5,2,7,15,13,60,93,138,111,129,139,63,12,797
ARARAQUARA,ARARAQUARA,CENTRAL DO DRS III,Boa Esperança do Sul,1,0,0,0,1,1,1,3,2,1,1,1,4,3,13,26,8,9,75
BAURU,BAURU,JAU,Bocaina,0,0,0,0,1,1,2,5,2,1,1,8,1,15,3,1,12,2,55
BAURU,BOTUCATU,POLO CUESTA,Bofete,0,0,1,1,0,3,2,2,2,6,6,12,27,28,24,79,25,33,251
SOROCABA,SOROCABA,SOROCABA,Boituva,9,12,17,26,14,28,40,47,52,112,145,257,235,313,326,389,370,294,2686
CAMPINAS,CAMPINAS,BRAGANÇA,Bom Jesus dos Perdões,1,1,4,6,3,7,6,12,15,18,27,25,22,35,32,17,22,19,272
SOROCABA,ITAPEVA,ITAPEVA,Bom Sucesso de Itararé,0,0,0,0,0,0,0,0,0,0,0,0,0,0,2,0,0,0,2
MARÍLIA,ASSIS,ASSIS,Borá,0,0,0,0,0,0,0,0,0,0,2,1,4,7,2,5,7,2,30
BAURU,BAURU,JAU,Boracéia,36,7,14,13,7,40,79,40,14,36,41,24,8,10,2,3,4,0,378
ARARAQUARA,ARARAQUARA,NOROESTE DRS III,Borborema,5,8,6,11,13,7,18,19,18,27,12,16,12,20,34,9,15,8,258
BAURU,BAURU,BAURU,Borebi,0,0,0,0,0,0,0,0,0,0,1,0,0,6,0,0,1,3,11
BAURU,BOTUCATU,POLO CUESTA,Botucatu,105,120,167,280,182,211,428,485,536,760,968,1268,1106,1093,1334,1125,977,988,12133
CAMPINAS,CAMPINAS,BRAGANÇA,Bragança Paulista,37,56,216,269,354,483,594,630,810,895,680,707,459,139,36,34,22,20,6441
ARAÇATUBA,ARACATUBA,CONSÓRCIOS DO DRS II,Braúna,0,1,1,1,0,0,0,1,3,0,0,0,0,0,0,0,0,1,8
ARAÇATUBA,ARACATUBA,CONSÓRCIOS DO DRS II,Brejo Alegre,0,0,0,0,0,0,0,0,0,0,0,0,0,1,0,1,0,2,4
RIBEIRÃO PRETO,RIBEIRAO PRETO,VALE DAS CACHOEIRAS,Brodowski,216,192,234,254,260,232,202,152,128,131,100,71,48,30,38,20,52,15,2375
BAURU,BAURU,JAU,Brotas,1,2,10,8,13,19,31,32,50,41,56,88,77,93,88,93,45,71,818
SOROCABA,ITAPEVA,ITAPEVA,Buri,0,0,5,1,3,1,4,9,7,12,7,14,21,20,25,38,20,16,203
ARAÇATUBA,ARACATUBA,CONSÓRCIOS DO DRS II,Buritama,0,0,0,0,0,1,0,0,4,2,1,1,3,7,7,14,1,4,45
FRANCA,FRANCA,ALTA MOGIANA,Buritizal,0,0,0,0,0,0,0,0,0,0,7,1,3,3,1,3,0,0,18
BAURU,BAURU,BAURU,Cabrália Paulista,0,0,0,0,0,0,0,0,0,0,0,0,1,0,1,1,3,3,9
CAMPINAS,CAMPINAS,JUNDIAÍ,Cabreúva,0,2,2,5,13,14,37,65,63,48,39,33,39,27,45,13,5,3,453
TAUBATÉ,SAO JOSE DOS CAMPOS,ALTO VALE DO PARAÍBA,Caçapava,1,3,3,6,9,11,44,47,98,175,253,443,475,328,326,211,127,173,2733
TAUBATÉ,TAUBATE,CIRCUITO DA FÉ - VALE HISTÓRICO,Cachoeira Paulista,2,0,2,1,7,10,19,13,26,36,56,64,48,49,14,3,0,0,350
SÃO JOÃO DA BOA VISTA,SAO JOAO DA BOA VISTA,RIO PARDO,Caconde,0,0,0,0,1,2,2,8,2,21,41,66,69,96,94,85,103,144,734
BAURU,BAURU,LINS,Cafelândia,0,1,2,0,6,5,5,9,21,21,15,17,17,16,17,13,20,4,189
PRESIDENTE PRUDENTE,PRESIDENTE PRUDENTE,ALTA SOROCABANA,Caiabu,0,0,0,0,0,0,0,1,2,1,6,5,13,13,3,2,1,0,47
GRANDE SÃO PAULO,FRANCO DA ROCHA,FRANCO DA ROCHA,Caieiras,6,11,44,36,56,69,97,119,144,204,126,129,111,51,34,52,26,28,1343
PRESIDENTE PRUDENTE,PRESIDENTE VENCESLAU,EXTREMO OESTE PAULISTA,Caiuá,0,0,0,0,0,0,0,0,2,0,0,0,0,0,0,0,0,1,3
GRANDE SÃO PAULO,FRANCO DA ROCHA,FRANCO DA ROCHA,Cajamar,1,1,4,3,9,9,18,29,45,57,77,98,88,87,55,19,32,54,686
REGISTRO,REGISTRO,VALE DO RIBEIRA,Cajati,0,0,1,0,5,2,1,3,17,9,7,4,5,1,20,36,16,47,174
BARRETOS,BARRETOS,NORTE-BARRETOS,Cajobi,0,0,1,0,1,0,0,0,1,3,1,5,1,2,0,3,7,6,31
RIBEIRÃO PRETO,RIBEIRAO PRETO,VALE DAS CACHOEIRAS,Cajuru,0,0,4,0,4,4,3,1,9,8,1,4,4,0,10,40,34,56,182
SOROCABA,SOROCABA,ITAPETININGA,Campina do Monte Alegre,0,0,0,0,0,1,4,5,3,6,8,17,24,40,30,0,2,3,143
CAMPINAS,CAMPINAS,REG METRO CAMPINAS,Campinas,399,642,898,1.218,1.500,1994,2837,3876,4374,5286,6411,7578,6803,8499,8582,7540,7480,5883,81800
CAMPINAS,CAMPINAS,JUNDIAÍ,Campo Limpo Paulista,2,4,2,10,11,13,34,32,19,27,22,49,97,112,109,122,95,91,851
TAUBATÉ,TAUBATE,V. PARAÍBA-REG. SERRANA,Campos do Jordão,0,0,0,0,0,0,0,0,0,0,0,0,0,0,0,0,0,0,0
MARÍLIA,MARILIA,MARÍLIA,Campos Novos Paulista,0,0,0,0,0,1,0,0,0,0,2,0,0,1,2,8,1,3,18
REGISTRO,REGISTRO,VALE DO RIBEIRA,Cananéia,0,0,0,0,3,1,3,3,9,18,54,69,124,116,150,169,47,12,778
TAUBATÉ,TAUBATE,CIRCUITO DA FÉ - VALE HISTÓRICO,Canas,0,0,0,0,0,2,7,5,5,4,10,7,6,2,2,4,0,0,54
MARÍLIA,ASSIS,ASSIS,Cândido Mota,4,3,10,7,25,19,24,29,50,36,55,61,74,73,80,107,89,51,797
ARARAQUARA,ARARAQUARA,NOROESTE DRS III,Cândido Rodrigues,0,0,0,1,0,0,0,1,3,0,0,0,0,0,1,2,1,2,11
MARÍLIA,ASSIS,OURINHOS,Canitar,0,0,0,0,0,2,1,2,3,0,4,1,0,9,7,0,8,4,41
SOROCABA,SOROCABA,ITAPETININGA,Capão Bonito,0,0,0,0,0,1,2,3,2,5,9,9,8,12,25,27,31,24,158
SOROCABA,SOROCABA,SOROCABA,Capela do Alto,0,0,1,1,4,0,1,16,19,19,41,47,56,78,94,132,68,43,620
PIRACICABA,PIRACICABA,PIRACICABA,Capivari,20,21,30,19,31,52,89,123,119,21,55,30,15,7,5,8,4,0,649
TAUBATÉ,CARAGUATATUBA,LITORAL NORTE,Caraguatatuba,24,20,12,30,25,52,74,112,327,415,483,670,602,712,627,245,59,20,4509
GRANDE SÃO PAULO,OSASCO,ROTA DOS BANDEIRANTES,Carapicuíba,1,2,2,6,8,12,26,38,49,84,148,211,203,304,403,470,282,120,2369
SÃO JOSÉ DO RIO PRETO,SAO JOSE DO RIO PRETO,VOTUPORANGA,Cardoso,0,0,1,2,4,5,5,1,1,5,8,6,1,9,7,12,14,4,85
SÃO JOÃO DA BOA VISTA,SAO JOAO DA BOA VISTA,RIO PARDO,Casa Branca,2,9,12,18,29,29,48,52,58,61,106,102,112,111,111,100,86,68,1114
RIBEIRÃO PRETO,RIBEIRAO PRETO,VALE DAS CACHOEIRAS,Cássia dos Coqueiros,0,1,0,0,0,1,1,0,1,3,3,3,4,4,4,13,14,3,55
ARAÇATUBA,ARACATUBA,LAGOS DO DRS II,Castilho,0,1,2,2,1,4,4,5,1,1,2,0,0,0,2,2,0,1,28
SÃO JOSÉ DO RIO PRETO,SAO JOSE DO RIO PRETO,CATANDUVA,Catanduva,27,31,73,71,127,148,167,181,195,233,221,266,218,262,174,88,64,23,2569
SÃO JOSÉ DO RIO PRETO,SAO JOSE DO RIO PRETO,CATANDUVA,Catiguá,1,1,6,14,12,11,19,20,30,28,37,26,3,6,5,5,4,1,229
SÃO JOSÉ DO RIO PRETO,SAO JOSE DO RIO PRETO,SÃO JOSÉ DO RIO PRETO,Cedral,2,2,2,2,2,3,0,2,4,5,7,7,2,9,3,5,4,6,67
BAURU,BOTUCATU,VALE DO JURUMIRIM,Cerqueira César,0,0,0,0,0,3,4,3,2,6,8,3,10,7,10,11,12,11,90
SOROCABA,SOROCABA,ITAPETININGA,Cerquilho,0,0,1,0,1,3,3,9,11,11,19,26,20,18,36,49,70,64,341
SOROCABA,SOROCABA,ITAPETININGA,Cesário Lange,0,0,0,1,2,0,1,3,4,15,12,11,24,22,74,77,47,6,299
PIRACICABA,PIRACICABA,PIRACICABA,Charqueada,0,0,1,1,5,4,17,18,14,18,18,20,42,63,65,58,10,2,356
ARAÇATUBA,ARACATUBA,CONSÓRCIOS DO DRS II,Clementina,0,0,0,0,1,0,0,0,4,2,0,0,0,0,0,0,2,1,10
BARRETOS,BARRETOS,NORTE-BARRETOS,Colina,18,22,40,64,51,22,18,33,60,59,54,53,37,38,49,70,78,13,779
BARRETOS,BARRETOS,NORTE-BARRETOS,Colômbia,0,0,0,0,2,0,1,4,3,0,0,0,1,2,2,1,1,2,19
PIRACICABA,PIRACICABA,ARARAS,Conchal,0,0,1,1,0,2,0,2,0,5,5,5,2,2,7,6,2,7,47
BAURU,BOTUCATU,POLO CUESTA,Conchas,1,0,0,1,2,3,3,2,9,9,3,9,4,12,8,11,25,15,117
PIRACICABA,PIRACICABA,LIMEIRA,Cordeirópolis,0,0,1,2,3,0,3,6,9,7,20,10,10,22,22,10,1,1,127
ARAÇATUBA,ARACATUBA,CONSÓRCIOS DO DRS II,Coroados,0,0,1,1,1,2,0,0,2,1,1,3,0,2,3,2,1,4,24
BAURU,BOTUCATU,VALE DO JURUMIRIM,Coronel Macedo,0,0,2,2,1,2,4,10,10,15,20,6,17,21,22,14,28,14,188
PIRACICABA,PIRACICABA,RIO CLARO,Corumbataí,0,0,0,0,0,0,0,0,0,2,2,2,2,1,4,6,9,2,30
CAMPINAS,CAMPINAS,REG METRO CAMPINAS,Cosmópolis,3,2,1,5,12,11,28,17,58,55,66,70,56,14,92,51,102,130,773
SÃO JOSÉ DO RIO PRETO,SAO JOSE DO RIO PRETO,VOTUPORANGA,Cosmorama,1,0,1,2,0,2,1,3,5,2,5,4,1,0,8,2,7,9,53
GRANDE SÃO PAULO,OSASCO,MANANCIAIS,Cotia,12,19,24,92,91,138,177,216,189,232,341,296,257,239,292,212,170,107,3104
RIBEIRÃO PRETO,RIBEIRAO PRETO,AQUÍFERO GUARANI,Cravinhos,39,77,72,90,76,60,90,175,148,146,117,106,118,100,82,90,98,40,1724
FRANCA,FRANCA,TRÊS COLINAS,Cristais Paulista,1,3,7,15,23,10,17,8,16,25,36,15,6,0,0,0,0,0,182
MARÍLIA,ASSIS,ASSIS,Cruzália,0,0,0,1,0,1,0,5,1,2,1,4,2,1,5,2,7,6,38
TAUBATÉ,TAUBATE,CIRCUITO DA FÉ - VALE HISTÓRICO,Cruzeiro,2,2,4,6,14,14,27,32,24,42,31,6,1,0,2,0,1,0,208
BAIXADA SANTISTA,SANTOS,BAIXADA SANTISTA,Cubatão,4,4,0,0,5,2,2,3,4,5,3,2,5,5,3,4,4,4,59
TAUBATÉ,TAUBATE,CIRCUITO DA FÉ - VALE HISTÓRICO,Cunha,2,0,0,3,1,5,6,6,11,12,14,21,22,22,27,30,24,30,236
ARARAQUARA,ARARAQUARA,CORAÇÃO DO DRS III,Descalvado,1,0,0,0,1,8,6,19,33,40,60,68,119,186,83,69,170,71,934
GRANDE SÃO PAULO,SANTO ANDRE,GRANDE ABC,Diadema,8,19,25,37,57,95,121,203,242,312,330,411,248,174,167,113,51,19,2632
SÃO JOSÉ DO RIO PRETO,JALES,JALES,Dirce Reis,0,0,0,1,0,2,0,2,2,1,1,0,0,2,0,0,2,1,14
SÃO JOÃO DA BOA VISTA,SAO JOAO DA BOA VISTA,RIO PARDO,Divinolândia,0,0,0,0,0,1,0,0,0,4,4,6,3,3,14,7,11,15,68
ARARAQUARA,ARARAQUARA,NOROESTE DRS III,Dobrada,0,0,0,0,0,1,5,1,5,1,4,6,1,7,4,11,11,11,68
BAURU,BAURU,JAU,Dois Córregos,88,71,149,242,222,300,207,249,287,289,203,232,235,52,17,40,56,3,2942
SÃO JOSÉ DO RIO PRETO,JALES,JALES,Dolcinópolis,0,0,0,0,0,0,0,1,0,0,1,1,0,0,0,0,0,0,3
ARARAQUARA,ARARAQUARA,CORAÇÃO DO DRS III,Dourado,0,0,0,0,0,1,2,2,2,1,7,5,5,8,7,9,4,0,53
PRESIDENTE PRUDENTE,PRESIDENTE VENCESLAU,ALTA PAULISTA,Dracena,0,0,3,7,2,6,15,9,12,4,9,1,4,4,6,5,7,0,94
BAURU,BAURU,BAURU,Duartina,1,0,0,0,0,1,0,1,3,0,1,8,6,5,5,13,3,0,47
RIBEIRÃO PRETO,RIBEIRAO PRETO,HORIZONTE VERDE,Dumont,3,6,20,26,37,43,77,68,45,42,58,78,55,12,8,5,5,9,597
MARÍLIA,MARILIA,MARÍLIA,Echaporã,0,0,0,0,4,4,1,2,2,0,2,1,0,0,0,1,0,0,17
REGISTRO,REGISTRO,VALE DO RIBEIRA,Eldorado,0,0,0,0,5,8,13,10,5,10,25,50,54,57,71,84,27,3,422
PIRACICABA,PIRACICABA,PIRACICABA,Elias Fausto,0,1,0,2,3,7,8,12,14,8,15,10,12,17,23,38,40,15,225
SÃO JOSÉ DO RIO PRETO,SAO JOSE DO RIO PRETO,CATANDUVA,Elisiário,1,0,0,2,2,4,12,18,22,17,36,27,10,25,22,9,8,10,225
SÃO JOSÉ DO RIO PRETO,SAO JOSE DO RIO PRETO,CATANDUVA,Embaúba,1,0,0,5,1,0,2,1,3,3,5,2,1,5,4,3,4,0,40
GRANDE SÃO PAULO,OSASCO,MANANCIAIS,Embu das Artes,5,7,13,28,39,61,72,120,137,181,129,101,58,55,60,45,39,8,1158
GRANDE SÃO PAULO,OSASCO,MANANCIAIS,Embu-Guaçu,0,1,4,8,10,20,14,28,49,88,71,63,77,65,32,12,22,21,585
PRESIDENTE PRUDENTE,PRESIDENTE PRUDENTE,ALTA SOROCABANA,Emilianópolis,0,0,0,0,0,1,0,0,0,0,0,0,0,0,0,0,0,0,1
PIRACICABA,PIRACICABA,LIMEIRA,Engenheiro Coelho,0,0,0,2,4,5,3,0,14,5,10,11,8,26,28,42,60,85,303
SÃO JOÃO DA BOA VISTA,SAO JOAO DA BOA VISTA,MANTIQUEIRA,Espírito Santo do Pinhal,3,5,9,14,19,42,71,77,89,152,138,176,187,194,164,203,222,121,1886
MARÍLIA,ASSIS,OURINHOS,Espírito Santo do Turvo,0,0,0,1,0,0,0,0,0,0,2,3,3,3,6,13,3,0,34
SÃO JOSÉ DO RIO PRETO,JALES,FERNANDÓPOLIS,Estrela d'Oeste,0,0,0,0,0,0,1,1,1,2,2,0,1,2,0,5,7,13,35
PRESIDENTE PRUDENTE,PRESIDENTE PRUDENTE,ALTA SOROCABANA,Estrela do Norte,0,0,0,1,0,2,2,1,1,2,0,0,1,0,0,0,0,0,10
PRESIDENTE PRUDENTE,PRESIDENTE VENCESLAU,PONTAL DO PARANAPANEMA,Euclides da Cunha Paulista,0,0,0,0,0,0,0,0,3,0,1,0,0,0,0,0,0,0,4
BAURU,BOTUCATU,VALE DO JURUMIRIM,Fartura,0,0,1,0,1,2,3,11,21,22,42,53,78,114,118,111,57,18,652
SÃO JOSÉ DO RIO PRETO,JALES,FERNANDÓPOLIS,Fernandópolis,3,3,4,10,11,2,15,18,27,29,24,28,23,25,35,38,98,71,464
SÃO JOSÉ DO RIO PRETO,SAO JOSE DO RIO PRETO,CATANDUVA,Fernando Prestes,0,1,0,0,0,1,2,2,0,2,0,1,0,3,1,7,4,5,29
MARÍLIA,MARILIA,MARÍLIA,Fernão,0,0,0,0,0,0,1,0,1,0,4,3,2,0,1,1,0,0,13
GRANDE SÃO PAULO,MOGI DAS CRUZES,ALTO DO TIETÊ,Ferraz de Vasconcelos,3,8,25,35,48,81,78,94,145,142,150,224,152,191,176,182,141,43,1918
PRESIDENTE PRUDENTE,PRESIDENTE VENCESLAU,ALTA PAULISTA,Flora Rica,0,0,0,0,0,0,0,0,0,0,0,0,0,5,0,0,0,0,5
SÃO JOSÉ DO RIO PRETO,SAO JOSE DO RIO PRETO,VOTUPORANGA,Floreal,0,0,0,0,0,0,0,0,0,0,0,0,0,0,0,1,0,0,1
MARÍLIA,MARILIA,ADAMANTINA ,Flórida Paulista,0,0,0,0,3,4,2,3,2,1,4,0,4,0,0,2,0,2,27
MARÍLIA,ASSIS,ASSIS,Florínea,0,0,0,1,1,1,2,2,5,5,4,7,14,8,20,8,1,0,79
FRANCA,FRANCA,TRÊS COLINAS,Franca,58,94,162,247,291,302,453,583,418,450,208,77,32,15,30,30,19,32,3501
GRANDE SÃO PAULO,FRANCO DA ROCHA,FRANCO DA ROCHA,Francisco Morato,9,14,25,50,75,59,88,97,84,109,124,146,149,227,163,280,81,32,1812
GRANDE SÃO PAULO,FRANCO DA ROCHA,FRANCO DA ROCHA,Franco da Rocha,109,127,199,290,266,255,409,479,740,847,873,1021,942,862,506,205,381,93,8604
ARAÇATUBA,ARACATUBA,CONSÓRCIOS DO DRS II,Gabriel Monteiro,0,0,0,0,0,0,0,0,0,0,0,0,0,0,1,0,0,0,1
MARÍLIA,MARILIA,MARÍLIA,Gália,0,0,0,0,0,0,1,0,0,0,3,1,2,7,14,9,6,3,46
MARÍLIA,MARILIA,MARÍLIA,Garça,8,6,4,6,8,11,28,25,40,51,59,67,51,59,62,51,43,50,629
SÃO JOSÉ DO RIO PRETO,SAO JOSE DO RIO PRETO,VOTUPORANGA,Gastão Vidigal,0,0,0,1,0,1,1,1,0,1,0,0,0,0,1,0,0,0,6
ARARAQUARA,ARARAQUARA,CENTRAL DO DRS III,Gavião Peixoto,0,1,1,0,0,0,0,0,4,2,10,7,10,15,10,18,14,25,117
SÃO JOSÉ DO RIO PRETO,SAO JOSE DO RIO PRETO,VOTUPORANGA,General Salgado,0,0,0,0,0,1,0,0,0,0,0,2,0,2,0,0,2,2,9
BAURU,BAURU,LINS,Getulina,37,42,44,59,34,27,22,23,17,20,13,17,6,6,3,1,10,4,385
ARAÇATUBA,ARACATUBA,CONSÓRCIOS DO DRS II,Glicério,0,0,0,0,0,2,0,0,1,1,0,0,0,1,0,0,1,0,6
BAURU,BAURU,LINS,Guaiçara,1,0,1,2,1,0,4,4,1,3,2,3,1,4,5,2,2,4,40
MARÍLIA,MARILIA,MARÍLIA,Guaimbê,2,0,2,2,1,3,1,2,1,0,2,0,2,3,1,5,1,0,28
BARRETOS,BARRETOS,NORTE-BARRETOS,Guaíra,10,16,10,22,21,19,28,35,28,36,40,37,21,40,22,37,31,20,473
SÃO JOSÉ DO RIO PRETO,SAO JOSE DO RIO PRETO,SÃO JOSÉ DO RIO PRETO,Guapiaçu,0,3,3,10,6,6,6,11,8,8,15,14,7,6,9,13,10,10,145
SOROCABA,ITAPEVA,ITAPEVA,Guapiara,0,0,0,0,0,1,0,0,0,1,4,6,3,17,20,20,23,11,106
FRANCA,FRANCA,ALTA MOGIANA,Guará,2,1,1,4,7,9,32,11,12,4,5,0,0,1,5,0,1,0,95
ARAÇATUBA,ARACATUBA,LAGOS DO DRS II,Guaraçaí,0,0,0,0,0,0,1,0,1,0,2,1,1,0,0,1,5,4,16
BARRETOS,BARRETOS,NORTE-BARRETOS,Guaraci,1,0,3,0,1,2,6,6,14,12,10,23,4,3,18,5,22,19,149
SÃO JOSÉ DO RIO PRETO,JALES,FERNANDÓPOLIS,Guarani d'Oeste,0,0,0,0,0,0,0,0,2,1,4,1,0,1,1,2,5,5,22
MARÍLIA,MARILIA,MARÍLIA,Guarantã,0,1,1,0,1,1,6,3,4,4,1,2,0,0,7,5,3,1,40
ARAÇATUBA,ARACATUBA,CENTRAL DO DRS II,Guararapes,5,2,16,10,20,16,52,47,60,76,103,103,66,83,84,79,112,99,1033
GRANDE SÃO PAULO,MOGI DAS CRUZES,ALTO DO TIETÊ,Guararema,2,4,21,19,34,30,32,35,50,79,54,92,90,11,14,9,10,8,594
TAUBATÉ,TAUBATE,CIRCUITO DA FÉ - VALE HISTÓRICO,Guaratinguetá,29,72,91,177,197,238,259,364,556,508,455,445,264,348,324,100,24,21,4472
SOROCABA,SOROCABA,ITAPETININGA,Guareí,1,1,1,3,1,3,7,5,6,14,19,25,25,44,50,21,0,0,226
RIBEIRÃO PRETO,RIBEIRAO PRETO,HORIZONTE VERDE,Guariba,1,0,4,1,2,5,15,17,23,30,30,37,15,21,44,61,39,31,376
BAIXADA SANTISTA,SANTOS,BAIXADA SANTISTA,Guarujá,13,32,37,63,93,224,321,480,512,441,465,482,603,730,595,472,236,87,5886
GRANDE SÃO PAULO,MOGI DAS CRUZES,ALTO DO TIETÊ,Guarulhos,125,252,390,570,983,1228,1840,2497,2945,3345,3923,5258,4797,5970,6142,5670,4389,3126,53450
RIBEIRÃO PRETO,RIBEIRAO PRETO,AQUÍFERO GUARANI,Guatapará,0,0,0,0,1,1,2,2,1,2,2,5,0,2,2,3,3,7,33
ARAÇATUBA,ARACATUBA,CENTRAL DO DRS II,Guzolândia,0,0,0,0,0,0,0,0,0,1,0,0,0,1,1,0,2,0,5
MARÍLIA,MARILIA,TUPÃ,Herculândia,0,1,0,2,5,3,1,6,5,5,9,3,4,7,1,7,4,4,67
CAMPINAS,CAMPINAS,REG METRO CAMPINAS,Holambra,1,3,2,8,3,7,25,23,45,57,55,89,51,69,71,106,97,84,796
CAMPINAS,CAMPINAS,REG METRO CAMPINAS,Hortolândia,12,13,24,26,40,88,80,130,121,119,134,62,53,54,48,40,28,16,1088
BAURU,BAURU,BAURU,Iacanga,0,2,2,1,7,8,9,7,13,15,20,34,15,23,21,22,3,0,202
MARÍLIA,MARILIA,TUPÃ,Iacri,0,4,1,2,3,3,6,15,13,11,3,0,3,3,1,2,1,0,71
BAURU,BOTUCATU,VALE DO JURUMIRIM,Iaras,0,1,0,0,0,0,4,1,1,1,3,0,0,1,1,2,3,2,20
ARARAQUARA,ARARAQUARA,CORAÇÃO DO DRS III,Ibaté,0,0,1,0,3,9,6,11,5,10,7,11,24,32,39,37,54,28,277
SÃO JOSÉ DO RIO PRETO,SAO JOSE DO RIO PRETO,SÃO JOSÉ DO RIO PRETO,Ibirá,0,0,1,2,1,1,3,2,4,3,2,1,1,5,4,2,3,3,38
MARÍLIA,ASSIS,OURINHOS,Ibirarema,0,0,0,0,0,0,4,6,4,8,14,13,29,16,23,28,35,25,205
ARARAQUARA,ARARAQUARA,NOROESTE DRS III,Ibitinga,0,1,2,1,5,8,7,11,14,22,23,25,34,35,32,48,29,18,315
SOROCABA,SOROCABA,SOROCABA,Ibiúna,0,0,0,0,1,6,7,10,12,12,18,26,25,37,34,80,20,26,314
SÃO JOSÉ DO RIO PRETO,SAO JOSE DO RIO PRETO,SÃO JOSÉ DO RIO PRETO,Icém,5,6,2,3,3,1,1,1,0,1,0,0,0,0,0,2,0,0,25
PRESIDENTE PRUDENTE,PRESIDENTE PRUDENTE,ALTO CAPIVARI,Iepê,0,1,0,2,0,0,0,1,0,0,0,0,0,1,0,0,0,0,5
BAURU,BAURU,JAU,Igaraçu do Tietê,0,0,0,1,2,4,6,9,22,18,23,31,46,46,81,29,1,0,319
FRANCA,FRANCA,ALTA MOGIANA,Igarapava,0,0,0,0,2,9,5,11,3,0,3,0,1,3,1,4,2,0,44
TAUBATÉ,SAO JOSE DOS CAMPOS,ALTO VALE DO PARAÍBA,Igaratá,0,0,0,0,1,9,11,9,4,13,20,43,36,35,34,32,52,17,316
REGISTRO,REGISTRO,VALE DO RIBEIRA,Iguape,5,13,18,24,31,15,40,153,183,247,230,191,143,202,126,97,78,49,1845
TAUBATÉ,CARAGUATATUBA,LITORAL NORTE,Ilhabela,3,18,13,25,35,56,81,96,133,148,207,289,186,247,248,207,122,13,2127
REGISTRO,REGISTRO,VALE DO RIBEIRA,Ilha Comprida,1,1,5,8,14,15,16,23,34,33,54,58,48,61,77,91,67,59,665
ARAÇATUBA,ARACATUBA,LAGOS DO DRS II,Ilha Solteira,0,1,1,0,0,0,1,3,3,1,2,1,1,1,2,0,1,0,18
CAMPINAS,CAMPINAS,REG METRO CAMPINAS,Indaiatuba,8,9,13,23,45,95,90,140,143,195,228,273,225,363,418,157,84,45,2554
PRESIDENTE PRUDENTE,PRESIDENTE PRUDENTE,ALTA SOROCABANA,Indiana,0,0,0,0,0,1,0,2,3,0,2,2,1,1,0,2,0,0,14
SÃO JOSÉ DO RIO PRETO,JALES,FERNANDÓPOLIS,Indiaporã,0,0,0,0,0,0,1,1,2,1,0,0,0,0,2,0,2,0,9
MARÍLIA,MARILIA,ADAMANTINA ,Inúbia Paulista,0,0,0,0,0,0,0,0,0,0,0,0,0,0,0,0,0,0,0
MARÍLIA,ASSIS,OURINHOS,Ipaussu,0,0,1,0,1,0,3,2,3,3,3,8,7,3,6,6,14,12,72
SOROCABA,SOROCABA,SOROCABA,Iperó,0,0,1,1,2,2,2,3,13,6,8,16,15,19,40,14,23,29,194
PIRACICABA,PIRACICABA,RIO CLARO,Ipeúna,0,0,0,0,2,2,11,7,6,19,22,30,22,20,27,19,10,4,201
SÃO JOSÉ DO RIO PRETO,SAO JOSE DO RIO PRETO,SÃO JOSÉ DO RIO PRETO,Ipiguá,0,0,2,1,2,1,1,2,0,1,0,0,0,1,1,2,2,11,27
REGISTRO,REGISTRO,VALE DO RIBEIRA,Iporanga,0,0,0,1,1,0,2,1,1,9,10,17,11,3,8,11,7,6,88
FRANCA,FRANCA,ALTA ANHANGUERA,Ipuã,0,0,0,0,0,0,1,2,0,1,0,3,0,3,3,1,4,3,21
PIRACICABA,PIRACICABA,LIMEIRA,Iracemápolis,4,2,6,5,11,15,22,16,32,37,46,84,67,63,40,44,1,0,495
SÃO JOSÉ DO RIO PRETO,SAO JOSE DO RIO PRETO,CATANDUVA,Irapuã,0,3,4,6,6,0,0,0,0,0,1,1,3,1,0,0,1,0,26
PRESIDENTE PRUDENTE,PRESIDENTE VENCESLAU,ALTA PAULISTA,Irapuru,2,2,1,2,0,1,0,7,2,4,0,0,0,0,1,0,0,0,22
SOROCABA,ITAPEVA,ITAPEVA,Itaberá,0,0,0,0,0,1,0,0,1,3,6,9,13,17,17,36,31,33,167
BAURU,BOTUCATU,VALE DO JURUMIRIM,Itaí,0,0,0,0,2,1,2,1,9,4,7,19,30,38,37,65,60,89,364
SÃO JOSÉ DO RIO PRETO,SAO JOSE DO RIO PRETO,CATANDUVA,Itajobi,2,2,0,0,4,3,5,4,9,11,21,15,9,16,22,36,32,21,212
BAURU,BAURU,JAU,Itaju,0,6,7,10,13,5,13,12,20,26,33,37,37,29,38,34,40,35,395
BAIXADA SANTISTA,SANTOS,BAIXADA SANTISTA,Itanhaém,6,4,9,13,14,28,29,64,79,73,122,154,210,264,296,520,342,12,2239
SOROCABA,ITAPEVA,ITAPEVA,Itaóca,0,0,0,0,0,0,0,0,0,0,0,0,0,0,0,0,0,0,0
GRANDE SÃO PAULO,OSASCO,MANANCIAIS,Itapecerica da Serra,2,2,4,1,6,17,18,39,60,53,103,248,185,34,14,17,7,6,816
SOROCABA,SOROCABA,ITAPETININGA,Itapetininga,16,18,34,49,62,66,125,124,195,182,270,374,281,286,454,363,209,116,3224
SOROCABA,ITAPEVA,ITAPEVA,Itapeva,1,0,1,0,0,4,13,16,33,53,47,76,103,130,183,89,183,26,958
GRANDE SÃO PAULO,OSASCO,ROTA DOS BANDEIRANTES,Itapevi,0,1,0,2,2,5,15,32,36,53,51,73,47,9,11,14,11,8,370
SÃO JOÃO DA BOA VISTA,SAO JOAO DA BOA VISTA,BAIXA MOGIANA,Itapira,2,3,8,9,23,42,91,193,325,363,214,152,260,408,559,628,590,463,4333
SOROCABA,ITAPEVA,ITAPEVA,Itapirapuã Paulista,0,0,0,0,0,0,0,0,0,0,0,0,0,0,0,1,2,0,3
ARARAQUARA,ARARAQUARA,NOROESTE DRS III,Itápolis,2,3,2,5,4,1,6,4,6,6,6,4,10,11,14,6,3,3,96
BAURU,BOTUCATU,VALE DO JURUMIRIM,Itaporanga,0,0,1,0,0,0,1,0,2,2,6,7,5,15,12,23,11,4,89
BAURU,BAURU,JAU,Itapuí,0,0,0,0,1,0,2,3,4,7,28,24,20,25,35,39,52,42,282
ARAÇATUBA,ARACATUBA,LAGOS DO DRS II,Itapura,0,1,0,0,0,2,3,0,0,3,2,1,0,2,0,0,0,0,14
GRANDE SÃO PAULO,MOGI DAS CRUZES,ALTO DO TIETÊ,Itaquaquecetuba,7,15,34,91,105,123,159,195,162,213,173,316,143,148,154,100,44,31,2213
SOROCABA,ITAPEVA,ITAPEVA,Itararé,0,0,0,3,5,4,2,8,19,15,26,54,59,72,111,97,108,46,629
REGISTRO,REGISTRO,VALE DO RIBEIRA,Itariri,0,0,0,1,0,0,0,0,0,0,0,0,0,0,0,1,0,0,2
CAMPINAS,CAMPINAS,REG METRO CAMPINAS,Itatiba,17,26,70,111,86,118,170,164,210,266,298,390,417,424,446,341,267,102,3923
BAURU,BOTUCATU,POLO CUESTA,Itatinga,0,0,1,1,0,1,1,2,5,5,2,11,4,5,15,16,12,3,84
PIRACICABA,PIRACICABA,RIO CLARO,Itirapina,0,0,0,0,0,0,5,10,16,14,35,39,45,71,89,71,61,45,501
FRANCA,FRANCA,TRÊS COLINAS,Itirapuã,3,0,1,0,10,9,5,5,0,4,8,31,12,7,10,5,4,3,117
SÃO JOÃO DA BOA VISTA,SAO JOAO DA BOA VISTA,RIO PARDO,Itobi,0,0,0,1,0,1,2,4,10,17,19,13,0,15,14,1,10,28,135
SOROCABA,SOROCABA,SOROCABA,Itu,96,146,199,282,254,357,460,476,720,816,779,985,789,818,991,920,714,511,10313
CAMPINAS,CAMPINAS,JUNDIAÍ,Itupeva,1,0,3,3,3,7,9,14,12,15,17,36,21,36,44,31,31,28,311
FRANCA,FRANCA,ALTA MOGIANA,Ituverava,1,1,0,1,1,0,2,1,4,1,0,1,1,2,0,4,1,1,22
BARRETOS,BARRETOS,NORTE-BARRETOS,Jaborandi,0,0,2,4,1,5,3,6,14,6,8,5,6,18,13,7,0,5,103
RIBEIRÃO PRETO,RIBEIRAO PRETO,HORIZONTE VERDE,Jaboticabal,1,6,7,9,28,45,53,62,84,63,69,56,41,38,37,43,36,20,698
TAUBATÉ,SAO JOSE DOS CAMPOS,ALTO VALE DO PARAÍBA,Jacareí,317,456,663,985,863,1236,1690,2003,2279,2318,2299,3065,2123,1489,1592,1169,918,813,26278
SÃO JOSÉ DO RIO PRETO,SAO JOSE DO RIO PRETO,JOSÉ BONIFÁCIO,Jaci,1,0,1,1,0,2,2,0,0,2,1,0,0,1,0,0,1,1,13
REGISTRO,REGISTRO,VALE DO RIBEIRA,Jacupiranga,0,0,0,0,1,1,3,1,5,5,6,7,11,6,0,0,0,0,46
CAMPINAS,CAMPINAS,REG METRO CAMPINAS,Jaguariúna,7,11,21,33,60,102,190,232,368,362,453,525,456,520,577,488,500,287,5192
SÃO JOSÉ DO RIO PRETO,JALES,JALES,Jales,2,1,1,2,4,4,9,5,15,18,18,13,10,12,23,6,10,21,174
TAUBATÉ,SAO JOSE DOS CAMPOS,ALTO VALE DO PARAÍBA,Jambeiro,0,0,1,0,0,0,1,3,3,12,9,15,30,29,26,9,15,22,175
GRANDE SÃO PAULO,OSASCO,ROTA DOS BANDEIRANTES,Jandira,1,0,1,2,1,5,4,2,5,9,8,16,14,10,6,3,7,3,97
RIBEIRÃO PRETO,RIBEIRAO PRETO,AQUÍFERO GUARANI,Jardinópolis,6,24,45,33,49,22,74,79,81,120,147,235,191,211,100,37,40,4,1498
CAMPINAS,CAMPINAS,JUNDIAÍ,Jarinu,2,1,1,2,5,3,7,16,14,13,19,33,36,35,62,19,8,8,284
BAURU,BAURU,JAU,Jaú,11,20,25,44,43,51,113,139,255,307,401,425,334,430,401,289,300,19,3607
FRANCA,FRANCA,TRÊS COLINAS,Jeriquara,0,0,0,0,2,7,8,24,10,17,29,10,11,5,22,16,23,10,194
CAMPINAS,CAMPINAS,BRAGANÇA,Joanópolis,0,0,2,3,2,4,8,17,11,9,42,38,36,80,57,45,37,11,402
PRESIDENTE PRUDENTE,PRESIDENTE PRUDENTE,ALTO CAPIVARI,João Ramalho,0,0,0,0,0,0,0,0,0,0,0,0,0,0,0,0,1,0,1
SÃO JOSÉ DO RIO PRETO,SAO JOSE DO RIO PRETO,JOSÉ BONIFÁCIO,José Bonifácio,1,0,2,3,4,1,3,2,3,5,6,8,2,7,10,7,11,13,88
MARÍLIA,MARILIA,MARÍLIA,Júlio Mesquita,1,0,0,0,0,1,1,1,2,1,0,0,0,0,0,0,0,0,7
SOROCABA,SOROCABA,SOROCABA,Jumirim,0,0,0,0,0,0,0,0,0,0,0,0,0,0,0,0,0,0,0
CAMPINAS,CAMPINAS,JUNDIAÍ,Jundiaí,43,55,94,149,130,250,326,385,423,590,671,875,951,1275,1127,402,344,171,8261
PRESIDENTE PRUDENTE,PRESIDENTE VENCESLAU,ALTA PAULISTA,Junqueirópolis,0,0,0,1,2,3,1,0,0,0,1,3,3,4,3,0,1,1,23
REGISTRO,REGISTRO,VALE DO RIBEIRA,Juquiá,0,0,0,1,2,1,2,1,6,3,13,5,7,6,13,8,3,2,73
GRANDE SÃO PAULO,OSASCO,MANANCIAIS,Juquitiba,0,0,0,2,5,8,7,4,9,15,7,27,24,41,42,65,18,29,303
TAUBATÉ,TAUBATE,V. PARAÍBA-REG. SERRANA,Lagoinha,0,0,0,0,0,2,1,2,6,6,14,20,26,11,12,20,25,28,173
BAURU,BOTUCATU,POLO CUESTA,Laranjal Paulista,0,0,1,0,0,0,1,3,2,3,2,7,11,17,13,13,25,28,126
ARAÇATUBA,ARACATUBA,LAGOS DO DRS II,Lavínia,0,0,0,0,0,0,0,1,1,0,2,1,0,0,2,4,0,0,11
TAUBATÉ,TAUBATE,CIRCUITO DA FÉ - VALE HISTÓRICO,Lavrinhas,0,1,0,0,0,4,4,9,15,8,15,10,4,14,14,18,3,0,119
PIRACICABA,PIRACICABA,ARARAS,Leme,6,7,16,30,27,48,69,100,118,112,171,314,231,283,249,229,14,1,2025
BAURU,BAURU,BAURU,Lençóis Paulista,6,6,11,27,10,23,28,37,49,78,96,136,104,143,165,162,171,134,1386
PIRACICABA,PIRACICABA,LIMEIRA,Limeira,30,47,69,67,76,104,111,128,145,111,173,226,238,250,293,69,7,6,2150
CAMPINAS,CAMPINAS,CIRCUITO DAS AGUAS,Lindóia,0,0,0,0,0,0,0,2,2,0,4,1,8,11,17,10,10,4,69
BAURU,BAURU,LINS,Lins,1,5,3,4,9,2,6,5,5,7,7,4,1,3,6,12,8,5,93
TAUBATÉ,TAUBATE,CIRCUITO DA FÉ - VALE HISTÓRICO,Lorena,4,14,34,57,102,204,232,280,438,446,598,347,148,62,77,5,1,3,3052
ARAÇATUBA,ARACATUBA,CONSÓRCIOS DO DRS II,Lourdes,0,0,0,0,0,0,0,0,0,0,0,2,1,2,0,1,1,1,8
CAMPINAS,CAMPINAS,JUNDIAÍ,Louveira,1,1,3,3,11,10,12,18,30,29,44,94,57,88,108,100,87,69,765
MARÍLIA,MARILIA,ADAMANTINA ,Lucélia,0,1,0,2,1,0,1,1,0,1,0,2,0,1,3,2,0,0,15
BAURU,BAURU,BAURU,Lucianópolis,0,0,0,2,1,2,19,4,7,5,3,2,5,1,3,5,3,0,62
RIBEIRÃO PRETO,RIBEIRAO PRETO,AQUÍFERO GUARANI,Luís Antônio,0,0,0,1,0,0,0,0,1,2,1,2,0,2,17,26,19,11,82
ARAÇATUBA,ARACATUBA,CONSÓRCIOS DO DRS II,Luiziânia,0,0,0,0,0,3,0,0,0,4,2,4,0,2,4,4,3,3,29
MARÍLIA,MARILIA,MARÍLIA,Lupércio,0,0,0,1,1,1,2,1,2,2,3,8,1,5,10,6,7,11,61
MARÍLIA,ASSIS,ASSIS,Lutécia,0,0,0,0,1,0,1,0,0,0,0,0,0,1,0,0,0,0,3
BAURU,BAURU,BAURU,Macatuba,2,1,1,6,8,7,15,18,21,24,36,68,52,66,92,80,97,110,704
SÃO JOSÉ DO RIO PRETO,SAO JOSE DO RIO PRETO,VOTUPORANGA,Macaubal,0,0,0,0,0,0,0,0,0,0,0,0,1,0,1,0,0,0,2
SÃO JOSÉ DO RIO PRETO,JALES,FERNANDÓPOLIS,Macedônia,0,0,0,0,0,0,0,0,0,0,0,0,1,0,0,0,0,0,1
SÃO JOSÉ DO RIO PRETO,SAO JOSE DO RIO PRETO,VOTUPORANGA,Magda,0,0,0,0,0,0,0,0,0,0,0,0,1,0,0,1,1,0,3
SOROCABA,SOROCABA,SOROCABA,Mairinque,0,0,0,0,5,5,10,21,28,34,46,114,87,112,156,143,105,94,960
GRANDE SÃO PAULO,FRANCO DA ROCHA,FRANCO DA ROCHA,Mairiporã,9,6,14,31,48,195,245,390,566,629,741,749,56,9,11,8,7,1,3715
BAURU,BOTUCATU,VALE DO JURUMIRIM,Manduri,0,4,8,18,11,28,26,8,19,41,46,74,74,74,12,1,0,0,444
PRESIDENTE PRUDENTE,PRESIDENTE VENCESLAU,EXTREMO OESTE PAULISTA,Marabá Paulista,0,0,1,0,0,0,0,1,1,8,2,3,0,0,1,0,0,2,19
MARÍLIA,ASSIS,ASSIS,Maracaí,0,0,0,0,1,3,7,11,17,15,30,19,20,37,47,44,59,57,367
SÃO JOSÉ DO RIO PRETO,SAO JOSE DO RIO PRETO,CATANDUVA,Marapoama,0,0,0,0,0,0,0,0,1,0,1,1,1,0,1,0,0,3,8
MARÍLIA,MARILIA,ADAMANTINA ,Mariápolis,0,0,0,0,0,0,0,0,1,0,0,0,0,1,0,0,1,0,3
MARÍLIA,MARILIA,MARÍLIA,Marília,127,193,262,310,286,414,497,461,464,503,481,594,423,434,452,491,395,231,7018
SÃO JOSÉ DO RIO PRETO,JALES,JALES,Marinópolis,0,0,0,4,2,0,2,3,2,1,0,0,0,1,1,2,0,0,18
PRESIDENTE PRUDENTE,PRESIDENTE PRUDENTE,ALTA SOROCABANA,Martinópolis,0,0,0,2,0,4,1,2,11,7,5,3,3,2,12,3,3,0,58
ARARAQUARA,ARARAQUARA,NOROESTE DRS III,Matão,2,2,3,15,6,13,17,27,43,42,78,75,50,102,114,117,139,146,991
GRANDE SÃO PAULO,SANTO ANDRE,GRANDE ABC,Mauá,7,6,10,46,72,115,170,278,326,421,547,721,853,786,748,494,431,247,6278
SÃO JOSÉ DO RIO PRETO,SAO JOSE DO RIO PRETO,JOSÉ BONIFÁCIO,Mendonça,1,1,0,0,0,0,1,1,2,2,2,2,2,4,5,20,19,14,76
SÃO JOSÉ DO RIO PRETO,JALES,FERNANDÓPOLIS,Meridiano,0,0,0,0,0,0,0,0,0,1,0,7,2,7,9,4,9,2,41
SÃO JOSÉ DO RIO PRETO,JALES,JALES,Mesópolis,0,0,0,0,0,0,0,0,5,2,4,7,6,8,9,13,4,9,67
FRANCA,FRANCA,ALTA MOGIANA,Miguelópolis,0,0,0,0,2,4,3,1,0,1,0,1,0,1,2,1,0,2,18
BAURU,BAURU,JAU,Mineiros do Tietê,1,4,14,16,22,75,114,119,225,223,271,317,269,168,155,102,78,82,2255
REGISTRO,REGISTRO,VALE DO RIBEIRA,Miracatu,0,0,1,0,4,5,4,2,1,3,8,18,10,1,2,1,0,0,60
SÃO JOSÉ DO RIO PRETO,JALES,FERNANDÓPOLIS,Mira Estrela,0,0,0,0,0,2,2,1,4,3,0,1,0,0,1,1,3,0,18
ARAÇATUBA,ARACATUBA,LAGOS DO DRS II,Mirandópolis,5,3,7,1,3,2,3,4,6,9,5,3,5,4,2,1,1,0,64
PRESIDENTE PRUDENTE,PRESIDENTE VENCESLAU,PONTAL DO PARANAPANEMA,Mirante do Paranapanema,0,0,0,0,0,0,1,0,1,1,2,0,0,1,0,3,0,1,10
SÃO JOSÉ DO RIO PRETO,SAO JOSE DO RIO PRETO,SÃO JOSÉ DO RIO PRETO,Mirassol,1,3,6,0,16,15,14,15,19,12,8,6,6,12,7,12,13,12,177
SÃO JOSÉ DO RIO PRETO,SAO JOSE DO RIO PRETO,SÃO JOSÉ DO RIO PRETO,Mirassolândia,0,0,0,2,1,1,7,5,5,5,6,10,4,2,6,9,7,8,78
SÃO JOÃO DA BOA VISTA,SAO JOAO DA BOA VISTA,RIO PARDO,Mococa,17,4,32,43,83,91,145,159,160,225,288,225,185,215,261,197,121,67,2518
GRANDE SÃO PAULO,MOGI DAS CRUZES,ALTO DO TIETÊ,Mogi das Cruzes,2,11,29,68,86,146,230,260,385,474,292,306,252,308,370,248,172,61,3700
SÃO JOÃO DA BOA VISTA,SAO JOAO DA BOA VISTA,BAIXA MOGIANA,Mogi Guaçu,8,6,12,15,20,15,42,66,79,86,94,100,117,149,165,139,144,111,1368
SÃO JOÃO DA BOA VISTA,SAO JOAO DA BOA VISTA,BAIXA MOGIANA,Mogi Mirim,2,3,7,9,16,29,51,99,104,62,32,55,47,83,35,39,89,66,828
PIRACICABA,PIRACICABA,PIRACICABA,Mombuca,0,0,1,0,0,0,1,2,1,1,2,2,0,3,12,14,10,9,58
SÃO JOSÉ DO RIO PRETO,SAO JOSE DO RIO PRETO,VOTUPORANGA,Monções,1,0,0,0,0,0,0,0,0,0,0,0,2,0,0,0,0,0,3
BAIXADA SANTISTA,SANTOS,BAIXADA SANTISTA,Mongaguá,1,1,1,4,2,3,2,11,13,39,26,63,43,47,29,53,26,0,364
CAMPINAS,CAMPINAS,CIRCUITO DAS AGUAS,Monte Alegre do Sul,0,0,0,1,0,0,1,0,1,0,4,5,8,16,17,16,3,8,80
RIBEIRÃO PRETO,RIBEIRAO PRETO,HORIZONTE VERDE,Monte Alto,8,10,15,21,25,38,27,30,51,54,56,73,48,86,81,83,75,108,889
SÃO JOSÉ DO RIO PRETO,SAO JOSE DO RIO PRETO,JOSÉ BONIFÁCIO,Monte Aprazível,0,0,0,2,6,2,3,6,2,1,0,5,4,4,3,4,2,2,46
BARRETOS,BARRETOS,SUL-BARRETOS,Monte Azul Paulista,75,56,45,47,61,33,31,53,42,22,44,31,23,19,22,13,7,18,642
PRESIDENTE PRUDENTE,PRESIDENTE VENCESLAU,ALTA PAULISTA,Monte Castelo,0,1,0,0,0,0,1,0,0,1,3,2,2,0,3,0,1,1,15
TAUBATÉ,SAO JOSE DOS CAMPOS,ALTO VALE DO PARAÍBA,Monteiro Lobato,0,0,0,1,0,0,0,2,0,2,5,9,0,1,0,4,12,6,42
CAMPINAS,CAMPINAS,REG METRO CAMPINAS,Monte Mor,0,1,5,6,15,8,30,49,66,122,128,230,197,144,135,95,123,83,1437
FRANCA,FRANCA,ALTA ANHANGUERA,Morro Agudo,0,1,3,1,2,2,2,7,8,31,19,45,33,45,63,69,25,32,388
CAMPINAS,CAMPINAS,REG METRO CAMPINAS,Morungaba,0,3,0,3,5,7,6,4,5,9,8,24,3,3,1,33,31,22,167
ARARAQUARA,ARARAQUARA,CENTRAL DO DRS III,Motuca,0,1,0,0,0,0,0,0,0,0,3,2,2,0,0,1,2,0,11
ARAÇATUBA,ARACATUBA,LAGOS DO DRS II,Murutinga do Sul,0,0,0,0,0,0,0,0,0,0,0,0,0,1,1,2,2,0,6
PRESIDENTE PRUDENTE,PRESIDENTE PRUDENTE,ALTO CAPIVARI,Nantes,0,0,0,1,0,0,2,0,2,3,0,4,3,0,5,4,1,1,26
PRESIDENTE PRUDENTE,PRESIDENTE PRUDENTE,ALTA SOROCABANA,Narandiba,0,0,0,0,0,0,0,0,0,0,0,0,0,2,1,0,0,0,3
TAUBATÉ,TAUBATE,V. PARAÍBA-REG. SERRANA,Natividade da Serra,0,0,0,0,0,0,0,0,1,5,2,9,5,4,14,9,4,5,58
CAMPINAS,CAMPINAS,BRAGANÇA,Nazaré Paulista,0,0,0,1,0,1,1,1,3,0,0,0,1,2,1,2,1,2,16
SÃO JOSÉ DO RIO PRETO,SAO JOSE DO RIO PRETO,SÃO JOSÉ DO RIO PRETO,Neves Paulista,0,0,0,2,1,2,5,3,3,2,3,1,1,6,3,3,6,3,44
SÃO JOSÉ DO RIO PRETO,SAO JOSE DO RIO PRETO,VOTUPORANGA,Nhandeara,0,0,0,0,2,3,0,0,0,0,1,3,2,0,2,0,2,1,16
SÃO JOSÉ DO RIO PRETO,SAO JOSE DO RIO PRETO,JOSÉ BONIFÁCIO,Nipoã,1,0,0,0,1,0,0,0,0,0,0,0,0,0,0,0,0,1,3
SÃO JOSÉ DO RIO PRETO,SAO JOSE DO RIO PRETO,SÃO JOSÉ DO RIO PRETO,Nova Aliança,0,0,0,1,0,0,1,1,1,0,2,2,2,3,7,3,3,2,28
SOROCABA,ITAPEVA,ITAPEVA,Nova Campina,0,0,0,0,0,1,0,0,1,2,5,2,7,3,2,6,5,14,48
SÃO JOSÉ DO RIO PRETO,JALES,SANTA FÉ DO SUL,Nova Canaã Paulista,0,0,0,0,0,0,0,0,1,0,0,0,0,0,0,0,1,1,3
ARAÇATUBA,ARACATUBA,CENTRAL DO DRS II,Nova Castilho,0,0,0,0,0,0,0,0,0,0,0,1,0,0,0,0,0,0,1
ARARAQUARA,ARARAQUARA,NOROESTE DRS III,Nova Europa,0,0,0,0,2,1,2,6,4,6,5,7,1,4,1,2,2,1,44
SÃO JOSÉ DO RIO PRETO,SAO JOSE DO RIO PRETO,SÃO JOSÉ DO RIO PRETO,Nova Granada,1,0,0,0,4,3,1,4,3,2,2,0,1,5,4,6,2,3,41
PRESIDENTE PRUDENTE,PRESIDENTE VENCESLAU,ALTA PAULISTA,Nova Guataporanga,0,0,0,0,1,1,2,3,2,2,1,1,0,1,1,0,0,1,16
ARAÇATUBA,ARACATUBA,LAGOS DO DRS II,Nova Independência,0,0,0,0,2,0,3,1,0,2,1,0,3,1,0,1,2,0,16
SÃO JOSÉ DO RIO PRETO,SAO JOSE DO RIO PRETO,CATANDUVA,Novais,0,0,1,0,1,0,1,0,7,3,5,2,0,4,3,5,7,1,40
ARAÇATUBA,ARACATUBA,CENTRAL DO DRS II,Nova Luzitânia,0,0,0,0,0,0,0,0,0,0,0,1,0,0,0,0,0,0,1
CAMPINAS,CAMPINAS,REG METRO CAMPINAS,Nova Odessa,4,6,10,8,16,43,51,96,122,167,254,284,308,316,324,327,284,95,2715
SÃO JOSÉ DO RIO PRETO,SAO JOSE DO RIO PRETO,CATANDUVA,Novo Horizonte,0,4,2,10,6,8,20,17,18,31,41,57,33,70,70,90,141,173,791
FRANCA,FRANCA,ALTA ANHANGUERA,Nuporanga,3,7,2,4,5,1,10,12,8,7,7,19,12,17,27,19,5,4,169
MARÍLIA,MARILIA,MARÍLIA,Ocauçu,0,1,4,5,4,2,4,2,2,9,1,3,1,4,2,4,2,6,56
MARÍLIA,ASSIS,OURINHOS,Óleo,0,0,0,0,0,1,0,1,2,4,6,11,21,25,34,27,29,5,166
BARRETOS,BARRETOS,NORTE-BARRETOS,Olímpia,46,49,91,94,100,90,178,139,142,166,231,213,175,233,125,55,54,9,2190
SÃO JOSÉ DO RIO PRETO,SAO JOSE DO RIO PRETO,SÃO JOSÉ DO RIO PRETO,Onda Verde,1,2,6,4,7,11,7,13,13,3,4,7,4,4,2,4,3,3,98
MARÍLIA,MARILIA,MARÍLIA,Oriente,1,0,2,1,5,8,3,8,11,9,10,11,6,9,3,2,4,6,99
SÃO JOSÉ DO RIO PRETO,SAO JOSE DO RIO PRETO,SÃO JOSÉ DO RIO PRETO,Orindiúva,1,1,0,1,0,5,3,1,5,2,1,4,5,4,2,2,2,3,42
FRANCA,FRANCA,ALTA ANHANGUERA,Orlândia,0,0,5,2,3,4,5,5,4,8,10,11,8,12,16,25,17,9,144
GRANDE SÃO PAULO,OSASCO,ROTA DOS BANDEIRANTES,Osasco,40,70,109,127,207,328,452,638,902,1016,1133,1281,857,443,451,142,106,93,8395
MARÍLIA,MARILIA,MARÍLIA,Oscar Bressane,0,0,0,2,2,2,4,2,1,1,3,1,1,3,3,0,3,0,28
MARÍLIA,MARILIA,ADAMANTINA ,Osvaldo Cruz,2,3,4,3,5,11,13,29,29,37,31,21,8,28,16,18,13,5,276
MARÍLIA,ASSIS,OURINHOS,Ourinhos,10,26,19,33,39,55,43,63,87,76,81,83,120,272,107,58,101,225,1498
SÃO JOSÉ DO RIO PRETO,JALES,FERNANDÓPOLIS,Ouroeste,3,7,4,5,3,4,8,8,7,6,7,9,3,13,2,1,0,0,90
PRESIDENTE PRUDENTE,PRESIDENTE VENCESLAU,ALTA PAULISTA,Ouro Verde,1,1,0,0,0,0,1,0,2,1,2,0,0,0,0,0,0,0,8
MARÍLIA,MARILIA,ADAMANTINA ,Pacaembu,0,0,1,1,0,0,2,6,3,1,5,2,1,2,1,1,0,0,26
SÃO JOSÉ DO RIO PRETO,SAO JOSE DO RIO PRETO,SÃO JOSÉ DO RIO PRETO,Palestina,0,1,0,3,3,4,8,1,10,14,18,2,2,2,4,3,0,0,75
SÃO JOSÉ DO RIO PRETO,SAO JOSE DO RIO PRETO,CATANDUVA,Palmares Paulista,83,78,73,94,81,45,66,52,61,47,61,51,35,30,11,4,1,0,873
SÃO JOSÉ DO RIO PRETO,JALES,JALES,Palmeira d'Oeste,0,0,1,1,2,9,7,5,4,3,2,0,1,5,2,12,7,11,72
MARÍLIA,ASSIS,ASSIS,Palmital,0,0,3,4,7,3,6,2,4,7,13,15,26,29,23,24,31,33,230
PRESIDENTE PRUDENTE,PRESIDENTE VENCESLAU,ALTA PAULISTA,Panorama,0,1,1,1,1,0,2,7,4,1,2,2,0,0,0,0,0,0,22
MARÍLIA,ASSIS,ASSIS,Paraguaçu Paulista,2,2,8,8,11,24,38,55,43,103,89,72,61,76,28,8,3,1,632
TAUBATÉ,SAO JOSE DOS CAMPOS,ALTO VALE DO PARAÍBA,Paraibuna,0,2,0,2,4,4,3,16,15,12,11,36,14,30,12,21,2,15,199
SÃO JOSÉ DO RIO PRETO,SAO JOSE DO RIO PRETO,CATANDUVA,Paraíso,20,14,37,42,26,23,13,23,13,16,6,1,1,3,9,2,1,0,250
BAURU,BOTUCATU,VALE DO JURUMIRIM,Paranapanema,0,0,0,0,0,0,0,1,0,0,2,10,7,26,36,27,39,43,191
SÃO JOSÉ DO RIO PRETO,JALES,JALES,Paranapuã,0,0,0,3,0,0,1,2,1,3,2,0,2,2,0,0,1,4,21
MARÍLIA,MARILIA,TUPÃ,Parapuã,1,2,2,0,2,2,5,8,2,4,5,4,7,3,8,8,4,7,74
BAURU,BOTUCATU,POLO CUESTA,Pardinho,1,0,0,1,0,0,0,0,1,2,1,3,0,3,4,6,7,7,36
REGISTRO,REGISTRO,VALE DO RIBEIRA,PariqueraÁAçu,0,0,0,2,0,1,0,1,13,16,35,28,33,17,9,9,11,73,248
SÃO JOSÉ DO RIO PRETO,SAO JOSE DO RIO PRETO,VOTUPORANGA,Parisi,0,0,2,1,3,3,2,11,7,15,22,16,8,14,25,22,9,5,165
FRANCA,FRANCA,TRÊS COLINAS,Patrocínio Paulista,0,0,0,0,6,20,31,32,17,9,16,18,7,7,1,1,3,2,170
PRESIDENTE PRUDENTE,PRESIDENTE VENCESLAU,ALTA PAULISTA,Paulicéia,0,0,2,1,1,1,5,5,6,0,2,0,2,0,0,0,0,0,25
CAMPINAS,CAMPINAS,REG METRO CAMPINAS,Paulínia,29,30,44,62,71,65,109,158,165,174,187,212,177,237,273,223,237,179,2632
BAURU,BAURU,BAURU,Paulistânia,0,0,0,0,0,0,0,0,0,1,1,5,1,0,0,0,0,1,9
SÃO JOSÉ DO RIO PRETO,SAO JOSE DO RIO PRETO,SÃO JOSÉ DO RIO PRETO,Paulo de Faria,3,8,7,5,20,24,39,32,69,84,83,29,17,13,1,1,0,0,435
BAURU,BAURU,BAURU,Pederneiras,135,224,293,295,292,269,313,276,136,90,141,110,85,78,83,54,50,38,2962
CAMPINAS,CAMPINAS,BRAGANÇA,Pedra Bela,0,0,0,0,0,1,2,4,4,2,0,3,1,4,4,3,6,6,40
SÃO JOSÉ DO RIO PRETO,JALES,FERNANDÓPOLIS,Pedranópolis,0,0,0,0,0,1,0,0,0,0,1,1,0,2,5,12,16,11,49
FRANCA,FRANCA,TRÊS COLINAS,Pedregulho,8,20,17,34,17,12,17,11,14,4,4,2,0,0,1,0,0,0,161
CAMPINAS,CAMPINAS,REG METRO CAMPINAS,Pedreira,1,2,3,3,6,4,19,42,23,30,34,29,61,54,73,40,36,31,491
MARÍLIA,ASSIS,ASSIS,Pedrinhas Paulista,0,0,0,0,0,0,0,2,8,6,4,9,4,21,9,6,4,11,84
REGISTRO,REGISTRO,VALE DO RIBEIRA,Pedro de Toledo,0,0,0,0,0,0,0,0,0,0,0,0,0,1,0,0,0,0,1
ARAÇATUBA,ARACATUBA,CONSÓRCIOS DO DRS II,Penápolis,0,0,0,0,2,2,3,1,2,0,0,5,1,6,6,3,3,1,35
ARAÇATUBA,ARACATUBA,LAGOS DO DRS II,Pereira Barreto,0,1,0,0,0,0,1,4,3,3,4,5,11,7,7,7,7,10,70
BAURU,BOTUCATU,POLO CUESTA,Pereiras,0,0,0,0,0,2,1,1,0,0,0,2,0,1,4,1,0,1,13
BAIXADA SANTISTA,SANTOS,BAIXADA SANTISTA,Peruíbe,2,4,4,2,14,24,25,24,29,57,62,111,137,175,158,143,76,28,1075
ARAÇATUBA,ARACATUBA,CONSÓRCIOS DO DRS II,Piacatu,1,0,0,1,0,0,1,2,1,1,1,0,2,1,0,0,0,0,11
SOROCABA,SOROCABA,SOROCABA,Piedade,0,1,0,2,0,1,2,7,8,11,10,18,22,20,42,38,41,36,259
SOROCABA,SOROCABA,SOROCABA,Pilar do Sul,0,0,4,0,0,0,1,4,3,1,9,4,2,6,10,20,20,49,133
TAUBATÉ,TAUBATE,V. PARAÍBA-REG. SERRANA,Pindamonhangaba,429,558,766,867,914,1127,1336,1356,1331,1427,1102,777,686,451,166,36,9,3,13341
SÃO JOSÉ DO RIO PRETO,SAO JOSE DO RIO PRETO,CATANDUVA,Pindorama,8,7,3,12,9,12,23,19,29,23,22,37,35,33,35,56,50,35,448
CAMPINAS,CAMPINAS,BRAGANÇA,Pinhalzinho,0,0,1,1,2,2,1,3,3,3,1,1,1,0,0,0,0,1,20
PRESIDENTE PRUDENTE,PRESIDENTE VENCESLAU,EXTREMO OESTE PAULISTA,Piquerobi,0,0,0,0,0,0,0,0,0,1,1,0,0,1,1,0,0,0,4
TAUBATÉ,TAUBATE,CIRCUITO DA FÉ - VALE HISTÓRICO,Piquete,0,1,2,6,6,12,19,43,39,47,31,52,65,56,75,55,15,2,526
CAMPINAS,CAMPINAS,BRAGANÇA,Piracaia,0,0,0,3,0,2,1,5,10,17,36,43,9,0,1,3,2,0,132
PIRACICABA,PIRACICABA,PIRACICABA,Piracicaba,130,207,237,391,303,320,407,532,611,860,1082,1353,1578,1996,2005,1651,955,234,14852
BAURU,BOTUCATU,VALE DO JURUMIRIM,Piraju,0,0,1,9,6,14,24,15,36,39,83,111,108,101,159,108,85,39,938
BAURU,BAURU,BAURU,Pirajuí,0,0,0,1,0,0,1,2,3,1,1,2,2,0,1,3,1,0,18
SÃO JOSÉ DO RIO PRETO,SAO JOSE DO RIO PRETO,CATANDUVA,Pirangi,1,3,1,8,32,24,39,36,34,39,47,49,41,42,60,44,21,1,522
GRANDE SÃO PAULO,OSASCO,ROTA DOS BANDEIRANTES,Pirapora do Bom Jesus,0,0,0,0,0,3,4,2,4,6,6,3,8,23,27,4,1,1,92
PRESIDENTE PRUDENTE,PRESIDENTE PRUDENTE,ALTA SOROCABANA,Pirapozinho,0,0,2,2,0,1,1,2,1,6,5,1,3,5,6,0,5,4,44
PIRACICABA,PIRACICABA,ARARAS,Pirassununga,35,34,54,61,68,77,153,171,221,279,278,306,245,272,305,195,173,187,3114
BAURU,BAURU,BAURU,Piratininga,0,0,0,0,1,0,4,3,1,5,1,6,2,2,7,6,3,13,54
RIBEIRÃO PRETO,RIBEIRAO PRETO,HORIZONTE VERDE,Pitangueiras,0,0,4,5,4,3,10,15,20,9,25,26,18,14,33,48,73,41,348
SÃO JOSÉ DO RIO PRETO,SAO JOSE DO RIO PRETO,JOSÉ BONIFÁCIO,Planalto,2,1,1,1,2,4,2,3,1,2,3,3,3,3,1,4,4,2,42
MARÍLIA,ASSIS,ASSIS,Platina,1,0,0,2,2,7,5,6,2,0,9,6,6,3,7,9,5,5,75
GRANDE SÃO PAULO,MOGI DAS CRUZES,ALTO DO TIETÊ,Poá,6,13,13,47,49,111,113,119,107,81,54,33,27,38,44,81,93,43,1072
SÃO JOSÉ DO RIO PRETO,SAO JOSE DO RIO PRETO,JOSÉ BONIFÁCIO,Poloni,0,0,0,0,0,0,0,0,0,0,0,0,0,0,0,0,0,0,0
MARÍLIA,MARILIA,MARÍLIA,Pompéia,3,3,3,7,7,4,0,7,20,21,20,26,24,34,36,17,27,22,281
BAURU,BAURU,LINS,Pongaí,4,12,27,7,7,6,5,8,6,4,7,2,0,0,2,2,2,1,102
RIBEIRÃO PRETO,RIBEIRAO PRETO,HORIZONTE VERDE,Pontal,3,6,8,10,16,12,22,30,32,30,38,49,32,40,44,43,40,39,494
SÃO JOSÉ DO RIO PRETO,JALES,JALES,Pontalinda,0,0,0,0,0,0,1,0,0,0,1,0,1,0,0,2,0,0,5
SÃO JOSÉ DO RIO PRETO,SAO JOSE DO RIO PRETO,VOTUPORANGA,Pontes Gestal,0,0,0,0,2,0,0,1,1,1,3,0,5,3,4,12,2,3,37
SÃO JOSÉ DO RIO PRETO,JALES,FERNANDÓPOLIS,Populina,0,1,1,0,1,0,0,4,16,2,1,1,3,3,0,0,0,0,33
BAURU,BOTUCATU,POLO CUESTA,Porangaba,0,0,0,0,0,0,0,0,0,1,1,2,12,11,9,15,14,7,72
SOROCABA,SOROCABA,SOROCABA,Porto Feliz,2,3,6,4,8,4,10,16,29,31,26,73,58,106,98,110,159,159,902
ARARAQUARA,ARARAQUARA,CORAÇÃO DO DRS III,Porto Ferreira,5,2,3,4,8,11,27,22,25,35,69,52,78,92,143,122,120,75,893
TAUBATÉ,TAUBATE,CIRCUITO DA FÉ - VALE HISTÓRICO,Potim,8,5,13,12,34,64,56,64,69,72,42,24,16,16,24,23,13,4,559
SÃO JOSÉ DO RIO PRETO,SAO JOSE DO RIO PRETO,SÃO JOSÉ DO RIO PRETO,Potirendaba,1,2,0,0,1,0,3,1,1,1,4,2,3,3,3,7,19,11,62
MARÍLIA,MARILIA,ADAMANTINA ,Pracinha,0,0,0,0,0,0,0,0,0,0,0,0,0,0,0,0,0,0,0
RIBEIRÃO PRETO,RIBEIRAO PRETO,HORIZONTE VERDE,Pradópolis,0,3,0,2,0,1,0,3,1,0,3,2,5,4,2,1,1,1,29
BAIXADA SANTISTA,SANTOS,BAIXADA SANTISTA,Praia Grande,1,4,13,14,25,26,40,64,37,51,70,85,78,72,78,30,13,1,702
BAURU,BOTUCATU,POLO CUESTA,Pratânia,0,0,0,0,0,0,0,2,1,2,3,2,10,14,14,15,25,7,95
BAURU,BAURU,BAURU,Presidente Alves,0,0,0,0,1,0,0,4,0,0,0,0,0,0,0,0,0,1,6
PRESIDENTE PRUDENTE,PRESIDENTE PRUDENTE,ALTA SOROCABANA,Presidente Bernardes,0,0,0,0,0,1,1,1,1,0,0,1,2,1,2,1,0,0,11
PRESIDENTE PRUDENTE,PRESIDENTE VENCESLAU,EXTREMO OESTE PAULISTA,Presidente Epitácio,0,0,0,0,0,1,5,1,1,1,1,1,2,4,0,0,0,1,18
PRESIDENTE PRUDENTE,PRESIDENTE PRUDENTE,ALTA SOROCABANA,Presidente Prudente,1,3,1,5,4,2,8,8,9,10,8,15,14,18,28,23,19,8,184
PRESIDENTE PRUDENTE,PRESIDENTE VENCESLAU,EXTREMO OESTE PAULISTA,Presidente Venceslau,0,0,1,1,1,1,0,2,3,4,0,2,2,1,0,0,0,1,19
BAURU,BAURU,LINS,Promissão,0,0,1,3,2,4,4,1,1,1,6,1,4,1,1,0,0,0,30
SOROCABA,SOROCABA,ITAPETININGA,Quadra,0,0,0,0,0,0,0,0,0,0,0,0,0,0,0,0,0,1,1
PRESIDENTE PRUDENTE,PRESIDENTE PRUDENTE,ALTO CAPIVARI,Quatá,0,0,0,0,0,0,2,3,3,2,3,4,3,1,0,2,9,0,32
MARÍLIA,MARILIA,TUPÃ,Queiroz,0,0,0,0,0,0,4,10,0,1,0,0,1,0,1,1,0,0,18
TAUBATÉ,TAUBATE,CIRCUITO DA FÉ - VALE HISTÓRICO,Queluz,0,1,0,0,0,1,0,2,3,1,1,3,11,8,18,14,8,1,72
MARÍLIA,MARILIA,MARÍLIA,Quintana,0,1,1,0,0,2,0,0,0,1,0,1,0,1,1,2,3,4,17
PIRACICABA,PIRACICABA,PIRACICABA,Rafard,4,2,5,4,7,11,24,31,44,55,78,66,92,108,63,71,63,40,768
PRESIDENTE PRUDENTE,PRESIDENTE PRUDENTE,ALTO CAPIVARI,Rancharia,1,1,1,2,0,2,2,4,6,8,7,4,8,10,13,10,10,6,95
TAUBATÉ,TAUBATE,V. PARAÍBA-REG. SERRANA,Redenção da Serra,0,0,0,0,0,0,2,5,3,8,8,20,17,12,13,7,3,6,104
PRESIDENTE PRUDENTE,PRESIDENTE PRUDENTE,ALTA SOROCABANA,Regente Feijó,0,0,0,0,0,0,1,0,4,1,5,3,1,2,4,4,10,22,57
BAURU,BAURU,BAURU,Reginópolis,1,1,8,4,13,20,44,34,34,43,56,69,36,46,40,44,44,55,592
REGISTRO,REGISTRO,VALE DO RIBEIRA,Registro,2,4,6,16,20,8,24,75,161,142,120,89,65,54,31,36,23,16,892
FRANCA,FRANCA,TRÊS COLINAS,Restinga,7,14,9,34,11,18,39,41,28,34,12,12,9,3,0,1,0,1,273
SOROCABA,ITAPEVA,ITAPEVA,Ribeira,0,0,0,0,0,0,0,0,0,0,0,0,3,1,2,2,2,9,19
ARARAQUARA,ARARAQUARA,CORAÇÃO DO DRS III,Ribeirão Bonito,0,1,0,3,1,7,6,18,17,13,18,24,22,27,58,72,103,59,449
SOROCABA,ITAPEVA,ITAPEVA,Ribeirão Branco,0,0,0,0,0,0,1,0,0,0,0,0,0,0,0,1,0,0,2
FRANCA,FRANCA,TRÊS COLINAS,Ribeirão Corrente,2,1,5,3,6,5,4,4,3,9,0,0,0,0,0,0,0,0,42
MARÍLIA,ASSIS,OURINHOS,Ribeirão do Sul,0,1,1,0,2,0,3,5,1,0,2,2,2,0,2,2,0,1,24
PRESIDENTE PRUDENTE,PRESIDENTE PRUDENTE,ALTA SOROCABANA,Ribeirão dos Ándios,0,0,0,0,1,0,0,0,0,1,0,0,0,0,0,0,0,0,2
SOROCABA,SOROCABA,ITAPETININGA,Ribeirão Grande,0,0,0,0,0,0,0,0,1,1,1,1,1,0,1,1,2,0,9
GRANDE SÃO PAULO,SANTO ANDRE,GRANDE ABC,Ribeirão Pires,0,0,1,2,5,6,4,8,14,20,21,38,43,31,37,37,19,11,297
RIBEIRÃO PRETO,RIBEIRAO PRETO,AQUÍFERO GUARANI,Ribeirão Preto,359,539,640,901,1.043,1246,1661,1562,1743,2099,1966,1950,1422,1670,981,730,617,417,21546
SOROCABA,ITAPEVA,ITAPEVA,Riversul,0,0,0,0,0,1,1,17,14,11,36,23,19,53,82,86,75,69,487
FRANCA,FRANCA,TRÊS COLINAS,Rifaina,0,0,0,1,2,1,0,1,0,1,7,10,8,12,10,0,1,0,54
ARARAQUARA,ARARAQUARA,CENTRAL DO DRS III,Rincão,0,0,0,0,1,1,2,3,3,4,15,7,5,6,6,5,8,5,71
MARÍLIA,MARILIA,TUPÃ,Rinópolis,0,1,0,1,0,0,2,1,1,0,0,1,0,2,2,0,0,0,11
PIRACICABA,PIRACICABA,RIO CLARO,Rio Claro,6,5,7,10,17,36,58,79,88,148,144,171,229,270,325,293,203,185,2274
PIRACICABA,PIRACICABA,PIRACICABA,Rio das Pedras,1,1,1,2,3,4,8,6,17,12,11,24,13,20,16,23,17,12,191
GRANDE SÃO PAULO,SANTO ANDRE,GRANDE ABC,Rio Grande da Serra,0,0,0,1,1,6,6,12,9,11,14,18,13,22,8,8,7,3,139
SÃO JOSÉ DO RIO PRETO,SAO JOSE DO RIO PRETO,VOTUPORANGA,Riolândia,0,1,0,0,2,1,0,2,1,3,5,4,7,15,10,16,20,23,110
PRESIDENTE PRUDENTE,PRESIDENTE VENCESLAU,PONTAL DO PARANAPANEMA,Rosana,0,0,0,0,2,5,2,2,6,2,2,3,0,0,0,4,4,0,32
TAUBATÉ,TAUBATE,CIRCUITO DA FÉ - VALE HISTÓRICO,Roseira,5,12,14,18,12,20,31,24,35,48,40,31,27,34,25,8,12,9,405
ARAÇATUBA,ARACATUBA,CENTRAL DO DRS II,Rubiácea,0,0,0,1,0,0,2,1,3,1,2,0,0,0,1,3,5,0,19
SÃO JOSÉ DO RIO PRETO,JALES,SANTA FÉ DO SUL,Rubinéia,0,0,0,0,0,0,0,2,0,0,0,2,1,0,1,2,0,0,8
BAURU,BAURU,LINS,Sabino,0,0,0,2,0,0,1,0,0,1,2,9,1,3,3,13,4,2,41
MARÍLIA,MARILIA,ADAMANTINA ,Sagres,1,2,1,1,0,0,1,1,1,3,1,11,3,5,3,0,2,2,38
SÃO JOSÉ DO RIO PRETO,SAO JOSE DO RIO PRETO,CATANDUVA,Sales,6,21,26,43,29,20,30,18,16,18,16,12,10,11,17,7,8,10,318
FRANCA,FRANCA,ALTA ANHANGUERA,Sales Oliveira,0,0,0,0,0,2,3,5,0,1,0,2,1,2,0,0,2,4,22
GRANDE SÃO PAULO,MOGI DAS CRUZES,ALTO DO TIETÊ,Salesópolis,0,0,0,0,0,0,0,3,1,6,2,1,5,3,2,1,4,26,54
MARÍLIA,MARILIA,ADAMANTINA ,Salmourão,0,0,0,2,0,6,2,0,5,3,1,1,0,0,2,1,1,0,24
PIRACICABA,PIRACICABA,PIRACICABA,Saltinho,0,0,3,3,0,1,4,5,18,26,39,64,83,88,106,103,53,58,654
SOROCABA,SOROCABA,SOROCABA,Salto,7,7,15,12,19,29,44,50,68,84,160,213,218,284,253,253,195,38,1949
SOROCABA,SOROCABA,SOROCABA,Salto de Pirapora,0,0,1,1,0,8,6,7,19,17,21,54,82,65,76,37,22,25,441
MARÍLIA,ASSIS,OURINHOS,Salto Grande,0,1,0,0,1,0,1,1,0,1,0,0,1,0,3,2,1,1,13
PRESIDENTE PRUDENTE,PRESIDENTE PRUDENTE,ALTA SOROCABANA,Sandovalina,0,0,0,0,0,0,0,0,0,1,1,2,1,1,0,2,0,0,8
SÃO JOSÉ DO RIO PRETO,SAO JOSE DO RIO PRETO,CATANDUVA,Santa Adélia,0,2,3,5,6,9,4,8,13,2,13,10,9,14,2,9,11,10,130
SÃO JOSÉ DO RIO PRETO,JALES,JALES,Santa Albertina,0,0,0,1,1,0,0,0,1,0,0,1,0,0,0,1,0,2,7
CAMPINAS,CAMPINAS,REG METRO CAMPINAS,Santa Bárbara d'Oeste,10,26,26,34,67,67,95,109,218,210,227,241,339,375,339,437,401,88,3309
TAUBATÉ,SAO JOSE DOS CAMPOS,ALTO VALE DO PARAÍBA,Santa Branca,0,2,2,13,14,31,47,67,96,30,44,75,114,130,197,158,90,70,1180
SÃO JOSÉ DO RIO PRETO,JALES,SANTA FÉ DO SUL,Santa Clara d'Oeste,0,0,0,0,0,0,0,0,0,0,0,0,0,3,3,15,7,19,47
PIRACICABA,PIRACICABA,ARARAS,Santa Cruz da Conceição,0,0,0,1,0,0,1,1,1,0,0,6,8,6,11,20,12,8,75
RIBEIRÃO PRETO,RIBEIRAO PRETO,VALE DAS CACHOEIRAS,Santa Cruz da Esperança,0,0,0,0,0,0,0,0,0,5,10,15,18,19,22,21,45,15,170
SÃO JOÃO DA BOA VISTA,SAO JOAO DA BOA VISTA,MANTIQUEIRA,Santa Cruz das Palmeiras,15,27,53,101,97,128,208,166,281,296,191,246,113,103,137,34,7,5,2208
MARÍLIA,ASSIS,OURINHOS,Santa Cruz do Rio Pardo,2,4,4,11,6,17,17,21,27,12,48,67,110,149,208,281,218,186,1388
ARARAQUARA,ARARAQUARA,NOROESTE DRS III,Santa Ernestina,0,1,1,1,0,0,0,1,0,0,1,0,1,1,0,1,5,1,14
SÃO JOSÉ DO RIO PRETO,JALES,SANTA FÉ DO SUL,Santa Fé do Sul,0,3,3,3,1,0,1,3,6,3,5,3,4,13,4,13,9,6,80
PIRACICABA,PIRACICABA,RIO CLARO,Santa Gertrudes,0,3,2,7,7,10,12,33,42,45,62,96,82,73,52,22,14,19,581
GRANDE SÃO PAULO,MOGI DAS CRUZES,ALTO DO TIETÊ,Santa Isabel,5,2,11,28,22,35,68,77,92,136,319,341,284,225,191,184,123,100,2243
ARARAQUARA,ARARAQUARA,CENTRAL DO DRS III,Santa Lúcia,0,0,0,0,0,0,0,1,0,0,2,0,0,1,3,3,0,2,12
PIRACICABA,PIRACICABA,PIRACICABA,Santa Maria da Serra,0,1,0,0,1,0,0,3,1,2,5,5,5,5,23,6,13,4,74
PRESIDENTE PRUDENTE,PRESIDENTE VENCESLAU,ALTA PAULISTA,Santa Mercedes,0,2,0,0,1,0,0,0,0,2,0,0,0,0,0,0,0,0,5
SÃO JOSÉ DO RIO PRETO,JALES,JALES,Santana da Ponte Pensa,0,0,0,0,0,0,1,0,0,0,0,0,0,0,0,1,0,0,2
GRANDE SÃO PAULO,OSASCO,ROTA DOS BANDEIRANTES,Santana de Parnaíba,3,3,4,19,15,27,47,78,111,175,277,449,434,388,501,152,83,41,2807
SÃO JOSÉ DO RIO PRETO,JALES,SANTA FÉ DO SUL,Santa Rita d'Oeste,0,0,0,0,1,0,0,0,0,1,0,0,0,0,0,0,0,1,3
RIBEIRÃO PRETO,RIBEIRAO PRETO,AQUÍFERO GUARANI,Santa Rita do Passa Quatro,0,1,0,1,1,4,12,11,14,15,18,21,24,22,29,41,46,75,335
RIBEIRÃO PRETO,RIBEIRAO PRETO,AQUÍFERO GUARANI,Santa Rosa de Viterbo,1,2,1,2,1,2,4,3,10,7,10,13,11,4,11,2,3,7,94
SÃO JOSÉ DO RIO PRETO,JALES,JALES,Santa Salete,0,0,0,0,0,0,0,0,0,0,0,0,0,0,0,0,0,0,0
PRESIDENTE PRUDENTE,PRESIDENTE PRUDENTE,ALTA SOROCABANA,Santo Anastácio,0,0,0,1,1,3,1,2,2,1,2,1,2,1,2,2,4,2,27
GRANDE SÃO PAULO,SANTO ANDRE,GRANDE ABC,Santo André,21,26,34,51,94,113,152,200,259,389,699,919,692,390,449,175,55,26,4744
RIBEIRÃO PRETO,RIBEIRAO PRETO,VALE DAS CACHOEIRAS,Santo Antônio da Alegria,0,1,0,7,8,2,8,6,11,1,12,16,9,5,16,12,5,21,140
CAMPINAS,CAMPINAS,REG METRO CAMPINAS,Santo Antônio de Posse,1,2,6,3,14,22,22,72,73,19,36,44,50,64,79,55,27,10,599
ARAÇATUBA,ARACATUBA,CENTRAL DO DRS II,Santo Antônio do Aracanguá,0,0,0,1,0,0,1,0,2,1,0,1,1,1,0,1,1,0,10
SÃO JOÃO DA BOA VISTA,SAO JOAO DA BOA VISTA,MANTIQUEIRA,Santo Antônio do Jardim,1,1,1,5,6,11,12,18,20,17,39,33,45,23,25,28,0,0,285
TAUBATÉ,TAUBATE,V. PARAÍBA-REG. SERRANA,Santo Antônio do Pinhal,0,0,0,0,0,0,0,1,1,1,0,1,1,2,1,1,2,2,13
PRESIDENTE PRUDENTE,PRESIDENTE PRUDENTE,ALTA SOROCABANA,Santo Expedito,0,0,0,0,0,1,0,0,1,0,0,0,0,0,0,0,1,0,3
ARAÇATUBA,ARACATUBA,CONSÓRCIOS DO DRS II,Santópolis do Aguapeí,0,0,0,0,0,0,0,0,2,0,1,0,0,1,2,2,1,2,11
BAIXADA SANTISTA,SANTOS,BAIXADA SANTISTA,Santos,43,51,39,65,81,124,151,172,155,159,178,164,195,182,189,82,12,6,2048
TAUBATÉ,TAUBATE,V. PARAÍBA-REG. SERRANA,São Bento do Sapucaí,0,0,0,0,0,0,7,7,11,20,16,31,29,48,70,63,50,27,379
GRANDE SÃO PAULO,SANTO ANDRE,GRANDE ABC,São Bernardo do Campo,5,5,16,27,33,38,111,119,165,250,267,315,235,268,256,194,169,69,2542
GRANDE SÃO PAULO,SANTO ANDRE,GRANDE ABC,São Caetano do Sul,1,5,11,15,51,79,117,189,231,254,388,492,507,509,289,62,11,9,3220
ARARAQUARA,ARARAQUARA,CORAÇÃO DO DRS III,São Carlos,10,7,14,16,37,66,105,150,185,174,80,121,129,214,248,309,380,448,2693
SÃO JOSÉ DO RIO PRETO,JALES,JALES,São Francisco,0,0,0,0,1,0,0,0,0,2,1,0,0,0,2,5,3,3,17
SÃO JOÃO DA BOA VISTA,SAO JOAO DA BOA VISTA,MANTIQUEIRA,São João da Boa Vista,6,11,14,63,78,119,204,273,382,442,360,237,158,265,250,95,47,18,3022
SÃO JOSÉ DO RIO PRETO,JALES,FERNANDÓPOLIS,São João das Duas Pontes,0,0,0,0,0,0,0,0,0,0,0,0,0,0,0,0,0,0,0
SÃO JOSÉ DO RIO PRETO,JALES,FERNANDÓPOLIS,São João de Iracema,0,0,0,0,0,0,0,0,0,0,0,0,0,0,0,1,0,4,5
PRESIDENTE PRUDENTE,PRESIDENTE VENCESLAU,ALTA PAULISTA,São João do Pau d'Alho,0,2,1,1,0,1,0,1,5,3,3,2,0,3,3,4,2,1,32
FRANCA,FRANCA,ALTA ANHANGUERA,São Joaquim da Barra,2,2,3,6,5,12,6,8,10,14,12,18,18,23,31,33,37,30,270
FRANCA,FRANCA,TRÊS COLINAS,São José da Bela Vista,1,6,6,3,4,2,2,1,1,2,0,0,0,0,0,0,0,0,28
TAUBATÉ,TAUBATE,CIRCUITO DA FÉ - VALE HISTÓRICO,São José do Barreiro,0,0,0,0,2,3,8,10,7,7,14,14,10,18,19,11,13,10,146
SÃO JOÃO DA BOA VISTA,SAO JOAO DA BOA VISTA,RIO PARDO,São José do Rio Pardo,3,8,9,30,42,96,126,133,254,435,264,324,282,194,135,56,53,30,2474
SÃO JOSÉ DO RIO PRETO,SAO JOSE DO RIO PRETO,SÃO JOSÉ DO RIO PRETO,São José do Rio Preto,160,167,281,273,400,504,572,789,764,690,719,661,608,465,424,353,259,196,8285
TAUBATÉ,SAO JOSE DOS CAMPOS,ALTO VALE DO PARAÍBA,São José dos Campos,56,123,189,291,393,652,971,1433,2903,4001,4409,6845,6359,6450,5305,4967,3461,1890,50698
GRANDE SÃO PAULO,OSASCO,MANANCIAIS,São Lourenço da Serra,0,0,0,1,1,2,4,4,4,5,5,3,4,1,0,1,1,0,36
TAUBATÉ,TAUBATE,V. PARAÍBA-REG. SERRANA,São Luiz do Paraitinga,0,0,0,2,0,3,2,3,12,19,35,40,0,0,1,1,3,0,121
BAURU,BOTUCATU,POLO CUESTA,São Manuel,31,53,74,133,100,131,172,186,243,266,215,360,280,226,302,227,206,202,3407
SOROCABA,SOROCABA,ITAPETININGA,São Miguel Arcanjo,0,0,1,1,2,0,1,1,3,8,10,7,17,7,6,11,35,20,130
GRANDE SÃO PAULO,CAPITAL,SÃO PAULO,São Paulo,785,1.198,1.738,2.707,3.624,5800,8648,11414,14717,19456,24629,36228,35317,34828,40233,35389,27195,15846,319752
PIRACICABA,PIRACICABA,PIRACICABA,São Pedro,0,1,1,4,3,9,21,19,17,14,27,39,25,43,36,64,90,71,484
MARÍLIA,ASSIS,OURINHOS,São Pedro do Turvo,0,0,0,0,0,1,1,1,1,2,5,9,11,13,11,17,17,10,99
SOROCABA,SOROCABA,SOROCABA,São Roque,0,0,0,0,2,1,4,14,15,18,31,32,33,14,21,15,11,2,213
TAUBATÉ,CARAGUATATUBA,LITORAL NORTE,São Sebastião,3,9,20,36,36,52,92,142,151,185,237,317,339,365,397,308,349,253,3291
SÃO JOÃO DA BOA VISTA,SAO JOAO DA BOA VISTA,RIO PARDO,São Sebastião da Grama,0,0,0,0,2,0,1,1,0,4,13,21,51,48,68,56,79,65,409
RIBEIRÃO PRETO,RIBEIRAO PRETO,AQUÍFERO GUARANI,São Simão,0,0,0,0,0,2,1,2,4,6,3,3,1,4,6,0,2,4,38
BAIXADA SANTISTA,SANTOS,BAIXADA SANTISTA,São Vicente,7,7,13,8,27,28,47,60,55,63,60,39,31,33,22,24,14,4,542
SOROCABA,SOROCABA,ITAPETININGA,Sarapuí,0,0,0,1,0,0,2,1,0,3,4,11,7,21,27,36,21,10,144
BAURU,BOTUCATU,VALE DO JURUMIRIM,Sarutaiá,0,1,1,2,2,1,9,4,5,4,10,18,14,26,22,12,4,8,143
SÃO JOSÉ DO RIO PRETO,SAO JOSE DO RIO PRETO,VOTUPORANGA,Sebastianópolis do Sul,0,0,0,0,0,0,0,1,0,1,0,1,0,0,0,0,1,0,4
RIBEIRÃO PRETO,RIBEIRAO PRETO,AQUÍFERO GUARANI,Serra Azul,0,0,1,0,1,2,3,3,8,5,9,9,18,10,14,20,22,19,144
RIBEIRÃO PRETO,RIBEIRAO PRETO,AQUÍFERO GUARANI,Serrana,6,5,21,44,60,121,140,196,470,399,497,526,389,274,341,209,191,167,4056
CAMPINAS,CAMPINAS,CIRCUITO DAS AGUAS,Serra Negra,0,2,1,2,5,2,2,3,7,3,5,7,11,7,14,9,18,16,114
RIBEIRÃO PRETO,RIBEIRAO PRETO,HORIZONTE VERDE,Sertãozinho,2,1,6,3,15,10,9,17,31,26,42,47,40,38,67,53,39,46,492
REGISTRO,REGISTRO,VALE DO RIBEIRA,Sete Barras,3,13,23,23,16,9,23,25,38,28,28,23,24,19,5,11,5,7,323
BARRETOS,BARRETOS,NORTE-BARRETOS,Severínia,1,0,0,0,2,1,2,1,1,1,9,11,11,21,34,37,48,9,189
TAUBATÉ,TAUBATE,CIRCUITO DA FÉ - VALE HISTÓRICO,Silveiras,0,0,0,0,0,0,0,0,2,0,2,5,1,13,6,10,5,0,44
CAMPINAS,CAMPINAS,BRAGANÇA,Socorro,1,1,2,2,5,24,22,35,83,88,114,201,194,158,90,106,110,42,1278
SOROCABA,SOROCABA,SOROCABA,Sorocaba,29,45,84,167,188,304,457,563,742,873,1285,1874,1531,2550,3421,2768,1327,719,18927
ARAÇATUBA,ARACATUBA,LAGOS DO DRS II,Sud Mennucci,0,0,0,0,0,0,0,0,0,0,0,0,0,0,1,0,0,0,1
CAMPINAS,CAMPINAS,REG METRO CAMPINAS,Sumaré,11,15,24,34,40,56,87,127,141,259,442,384,326,383,296,189,226,140,3180
GRANDE SÃO PAULO,MOGI DAS CRUZES,ALTO DO TIETÊ,Suzano,17,41,84,165,179,259,303,320,369,386,312,402,361,268,146,66,23,15,3716
ARAÇATUBA,ARACATUBA,LAGOS DO DRS II,Suzanápolis,0,0,0,0,0,0,0,0,0,0,0,2,0,1,1,2,4,9,19
SÃO JOSÉ DO RIO PRETO,SAO JOSE DO RIO PRETO,CATANDUVA,Tabapuã,1,3,11,14,18,12,28,33,34,50,45,57,36,47,63,55,51,17,575
ARARAQUARA,ARARAQUARA,NOROESTE DRS III,Tabatinga,0,0,1,3,2,1,0,1,4,7,4,2,0,0,0,0,0,0,25
GRANDE SÃO PAULO,OSASCO,MANANCIAIS,Taboão da Serra,3,3,6,12,21,26,21,41,77,70,78,75,77,48,38,41,33,11,681
PRESIDENTE PRUDENTE,PRESIDENTE PRUDENTE,ALTA SOROCABANA,Taciba,0,0,0,2,1,0,0,0,0,0,0,0,0,0,0,0,0,0,3
BAURU,BOTUCATU,VALE DO JURUMIRIM,Taguaí,0,0,0,0,3,10,10,76,51,112,165,214,227,218,233,121,22,9,1471
BARRETOS,BARRETOS,SUL-BARRETOS,Taiaçu,0,0,0,2,2,1,0,2,3,2,1,2,2,5,7,0,1,0,30
BARRETOS,BARRETOS,SUL-BARRETOS,Taiúva,0,0,0,4,0,0,2,6,4,10,6,9,11,29,24,33,24,0,162
SÃO JOÃO DA BOA VISTA,SAO JOAO DA BOA VISTA,MANTIQUEIRA,Tambaú,0,2,4,15,21,20,44,58,72,101,153,150,150,138,137,145,175,168,1553
SÃO JOSÉ DO RIO PRETO,SAO JOSE DO RIO PRETO,SÃO JOSÉ DO RIO PRETO,Tanabi,1,1,3,2,3,4,4,5,1,0,3,3,3,5,8,4,9,8,67
SOROCABA,SOROCABA,SOROCABA,Tapiraí,0,0,0,0,0,0,0,0,0,0,0,0,1,1,1,1,1,0,5
SÃO JOÃO DA BOA VISTA,SAO JOAO DA BOA VISTA,RIO PARDO,Tapiratiba,1,0,1,16,14,11,30,31,31,83,72,121,121,153,170,136,102,88,1181
BARRETOS,BARRETOS,SUL-BARRETOS,Taquaral,2,0,2,1,3,1,6,4,7,4,12,9,4,4,1,5,9,10,84
ARARAQUARA,ARARAQUARA,NOROESTE DRS III,Taquaritinga,1,1,0,2,1,0,1,3,10,3,0,1,1,4,2,2,3,1,36
BAURU,BOTUCATU,VALE DO JURUMIRIM,Taquarituba,0,0,0,0,0,0,0,1,2,2,6,4,16,35,19,36,36,22,179
SOROCABA,ITAPEVA,ITAPEVA,Taquarivaí,0,0,0,0,0,0,0,0,0,0,0,0,0,1,0,2,0,1,4
PRESIDENTE PRUDENTE,PRESIDENTE PRUDENTE,ALTA SOROCABANA,Tarabaí,0,0,0,0,0,0,1,2,1,1,0,2,1,1,2,2,0,5,18
MARÍLIA,ASSIS,ASSIS,Tarumã,4,7,10,22,20,38,38,29,46,29,28,13,26,20,33,12,8,2,385
SOROCABA,SOROCABA,ITAPETININGA,Tatuí,0,0,1,3,2,0,5,3,3,4,9,15,18,24,28,60,54,43,272
TAUBATÉ,TAUBATE,V. PARAÍBA-REG. SERRANA,Taubaté,104,164,262,486,473,538,636,802,1769,1455,475,700,412,87,57,48,48,40,8556
BAURU,BOTUCATU,VALE DO JURUMIRIM,Tejupá,0,0,0,0,0,0,0,0,0,0,0,0,3,2,2,4,7,8,26
PRESIDENTE PRUDENTE,PRESIDENTE VENCESLAU,PONTAL DO PARANAPANEMA,Teodoro Sampaio,0,0,0,0,0,1,0,0,1,0,1,0,0,1,0,0,0,0,4
BARRETOS,BARRETOS,SUL-BARRETOS,Terra Roxa,0,0,0,0,10,4,4,3,2,2,3,1,0,0,1,0,0,1,31
SOROCABA,SOROCABA,SOROCABA,Tietê,0,0,0,1,7,1,4,14,12,20,36,35,41,79,83,99,116,77,625
MARÍLIA,ASSIS,OURINHOS,Timburi,0,0,0,0,0,0,1,0,1,0,0,0,3,1,1,5,2,0,14
BAURU,BOTUCATU,POLO CUESTA,Torre de Pedra,0,0,0,0,0,0,0,0,0,0,0,1,0,2,0,0,0,2,5
BAURU,BAURU,JAU,Torrinha,0,0,0,0,2,1,4,10,3,20,34,54,81,23,3,0,0,0,235
ARARAQUARA,ARARAQUARA,CENTRAL DO DRS III,Trabiju,0,1,0,0,1,1,0,0,1,0,0,3,0,0,0,3,1,2,13
TAUBATÉ,TAUBATE,V. PARAÍBA-REG. SERRANA,Tremembé,52,69,121,190,218,252,366,305,244,206,148,193,153,142,87,73,48,15,2882
SÃO JOSÉ DO RIO PRETO,JALES,SANTA FÉ DO SUL,Três Fronteiras,0,0,0,0,0,0,0,0,0,1,0,0,1,2,0,0,0,0,4
CAMPINAS,CAMPINAS,BRAGANÇA,Tuiuti,0,0,1,0,0,3,3,5,2,6,4,8,7,8,11,6,13,8,85
MARÍLIA,MARILIA,TUPÃ,Tupã,5,3,9,10,14,17,19,33,32,26,37,33,37,39,31,52,50,38,485
PRESIDENTE PRUDENTE,PRESIDENTE VENCESLAU,ALTA PAULISTA,Tupi Paulista,0,1,2,1,2,6,7,5,7,4,3,3,0,3,4,3,6,2,59
ARAÇATUBA,ARACATUBA,CONSÓRCIOS DO DRS II,Turiúba,0,0,1,0,1,0,0,0,0,0,0,0,0,1,0,0,0,0,3
SÃO JOSÉ DO RIO PRETO,JALES,FERNANDÓPOLIS,Turmalina,0,0,0,1,0,0,2,0,1,0,0,1,0,0,0,0,0,0,5
SÃO JOSÉ DO RIO PRETO,SAO JOSE DO RIO PRETO,JOSÉ BONIFÁCIO,Ubarana,0,0,0,0,0,1,1,0,0,1,0,1,2,2,1,1,1,0,11
TAUBATÉ,CARAGUATATUBA,LITORAL NORTE,Ubatuba,87,65,113,100,131,181,207,258,371,452,527,441,333,332,129,372,287,58,4444
MARÍLIA,MARILIA,MARÍLIA,Ubirajara,0,0,0,0,0,0,0,1,4,3,5,8,2,14,11,13,11,4,76
SÃO JOSÉ DO RIO PRETO,SAO JOSE DO RIO PRETO,SÃO JOSÉ DO RIO PRETO,Uchoa,1,1,1,2,0,1,2,3,0,2,1,1,12,4,5,27,13,6,82
SÃO JOSÉ DO RIO PRETO,SAO JOSE DO RIO PRETO,JOSÉ BONIFÁCIO,União Paulista,0,0,0,0,0,0,0,0,0,0,0,0,0,0,0,0,0,0,0
SÃO JOSÉ DO RIO PRETO,JALES,JALES,Urânia,0,0,0,2,1,0,1,3,1,1,1,0,2,2,1,2,0,2,19
BAURU,BAURU,LINS,Uru,0,0,0,0,0,0,1,1,0,1,0,0,0,3,0,1,0,0,7
SÃO JOSÉ DO RIO PRETO,SAO JOSE DO RIO PRETO,CATANDUVA,Urupês,0,1,0,1,0,2,1,3,12,4,23,18,10,10,17,13,17,14,146
SÃO JOSÉ DO RIO PRETO,SAO JOSE DO RIO PRETO,VOTUPORANGA,Valentim Gentil,0,1,0,0,3,0,1,1,2,2,4,5,11,6,7,21,33,21,118
CAMPINAS,CAMPINAS,REG METRO CAMPINAS,Valinhos,19,39,48,66,98,157,193,255,274,308,358,527,385,336,406,308,279,268,4324
ARAÇATUBA,ARACATUBA,CENTRAL DO DRS II,Valparaíso,0,0,0,0,0,1,5,0,3,0,2,3,0,4,5,4,0,1,28
CAMPINAS,CAMPINAS,BRAGANÇA,Vargem,0,0,0,2,0,10,25,44,16,5,4,9,11,14,9,7,8,1,165
SÃO JOÃO DA BOA VISTA,SAO JOAO DA BOA VISTA,MANTIQUEIRA,Vargem Grande do Sul,9,28,73,98,180,164,240,233,308,222,181,63,1,0,0,4,19,0,1823
GRANDE SÃO PAULO,OSASCO,MANANCIAIS,Vargem Grande Paulista,0,0,0,10,14,12,27,20,30,33,29,35,22,20,20,24,7,6,309
CAMPINAS,CAMPINAS,JUNDIAÍ,Várzea Paulista,8,12,22,37,30,54,71,93,141,146,187,249,241,214,249,252,184,77,2267
MARÍLIA,MARILIA,MARÍLIA,Vera Cruz,0,2,3,2,4,6,9,24,26,17,20,17,13,15,19,7,16,6,206
CAMPINAS,CAMPINAS,REG METRO CAMPINAS,Vinhedo,0,6,7,2,5,14,26,25,78,87,143,228,232,289,370,288,308,305,2413
BARRETOS,BARRETOS,SUL-BARRETOS,Viradouro,1,2,2,2,3,4,8,5,11,12,16,21,21,34,49,67,54,33,345
BARRETOS,BARRETOS,SUL-BARRETOS,Vista Alegre do Alto,1,0,2,2,0,1,10,18,14,25,44,49,46,66,42,42,8,1,371
SÃO JOSÉ DO RIO PRETO,JALES,JALES,Vitória Brasil,0,0,0,0,1,0,1,0,0,0,0,0,0,0,0,0,0,1,3
SOROCABA,SOROCABA,SOROCABA,Votorantim,29,46,71,113,62,129,176,217,303,317,388,411,386,387,484,425,215,137,4296
SÃO JOSÉ DO RIO PRETO,SAO JOSE DO RIO PRETO,VOTUPORANGA,Votuporanga,81,90,142,170,208,234,297,333,389,155,167,225,152,201,205,230,201,144,3624
SÃO JOSÉ DO RIO PRETO,SAO JOSE DO RIO PRETO,JOSÉ BONIFÁCIO,Zacarias,0,1,0,0,0,1,0,0,0,0,0,0,0,0,0,0,0,0,2
MARÍLIA,ASSIS,OURINHOS,Chavantes,2,0,4,4,2,2,6,4,7,7,6,20,12,13,25,11,5,0,130
SÃO JOÃO DA BOA VISTA,SAO JOAO DA BOA VISTA,BAIXA MOGIANA,Estiva Gerbi,0,0,0,0,0,0,1,1,3,3,2,3,3,6,1,7,3,5,38
